feature,mean_abs_shap
S_1434,0.0016687150329168286
S_3527,0.000568553197461167
S_1451,0.00036221107580873253
S_426,0.00032290391367857256
S_571,0.0002203103567018012
S_53,0.00020674537629150513
ORF1ab_469,0.0002040035209312287
ORF1ab_2428,0.00019242368377380382
S_645,0.00017680583007284692
ORF1ab_5384,0.000103624093481873
S_3214,2.9806741296441087e-05
S_2043,2.8675961586077964e-05
ORF1ab_3564,2.6921892539118038e-05
S_2103,2.568787711899251e-05
S_1338,2.565134451552214e-05
ORF1ab_2418,2.4414207963911205e-05
S_461,1.7946738518176687e-05
ORF1ab_3193,1.7658586589081226e-05
ORF1ab_2997,1.4787082285322068e-05
S_643,1.4524615234059531e-05
E_213,7.510887849456268e-06
ORF1ab_6349,7.433027114978468e-06
N_656,6.1743867056409414e-06
S_1503,5.526129327358154e-06
ORF8_162,4.376170732754655e-06
ORF1ab_7788,3.907001743081666e-06
ORF1ab_11258,2.400422533003271e-06
ORF1ab_10368,2.342908835026062e-06
S_1017,1.7245529317909378e-06
ORF1ab_4966,8.817332279481389e-07
ORF1ab_6704,6.26847444061203e-07
ORF1ab_17259,3.390550333451946e-07
ORF1ab_2568,1.6504697593210904e-07
ORF1ab_4701,4.818587871951708e-08
M_8,2.9603080012314095e-08
S_720,2.7612566301864795e-17
S_721,1.2307104392478326e-17
ORF1ab_2420,2.771356735833127e-18
S_722,2.675457476625723e-19
S_262,0.0
S_263,0.0
S_261,0.0
S_265,0.0
S_260,0.0
S_259,0.0
S_258,0.0
S_257,0.0
S_256,0.0
S_255,0.0
S_254,0.0
S_253,0.0
S_252,0.0
S_251,0.0
S_264,0.0
S_284,0.0
S_283,0.0
S_282,0.0
S_281,0.0
S_280,0.0
S_279,0.0
S_278,0.0
S_277,0.0
S_276,0.0
S_268,0.0
S_274,0.0
S_273,0.0
S_272,0.0
S_271,0.0
S_270,0.0
S_269,0.0
S_250,0.0
S_267,0.0
S_266,0.0
S_275,0.0
S_228,0.0
S_227,0.0
S_226,0.0
S_225,0.0
S_224,0.0
S_223,0.0
S_222,0.0
S_221,0.0
S_220,0.0
S_248,0.0
S_218,0.0
S_217,0.0
S_216,0.0
S_215,0.0
S_214,0.0
S_972,0.0
S_213,0.0
S_212,0.0
S_211,0.0
S_219,0.0
S_249,0.0
S_285,0.0
S_247,0.0
S_246,0.0
S_245,0.0
S_244,0.0
S_243,0.0
S_242,0.0
S_241,0.0
S_229,0.0
S_239,0.0
S_238,0.0
S_237,0.0
S_236,0.0
S_235,0.0
S_234,0.0
S_233,0.0
S_232,0.0
S_231,0.0
S_230,0.0
S_240,0.0
S_346,0.0
S_345,0.0
S_344,0.0
S_343,0.0
S_342,0.0
S_341,0.0
S_340,0.0
S_339,0.0
S_338,0.0
S_289,0.0
S_336,0.0
S_335,0.0
S_334,0.0
S_333,0.0
S_332,0.0
S_331,0.0
S_330,0.0
S_329,0.0
S_328,0.0
S_337,0.0
S_365,0.0
S_364,0.0
S_363,0.0
S_362,0.0
S_361,0.0
S_360,0.0
S_359,0.0
S_358,0.0
S_357,0.0
S_347,0.0
S_971,0.0
S_355,0.0
S_354,0.0
S_353,0.0
S_352,0.0
S_351,0.0
S_350,0.0
S_349,0.0
S_348,0.0
S_356,0.0
S_305,0.0
S_304,0.0
S_303,0.0
S_302,0.0
S_301,0.0
S_300,0.0
S_299,0.0
S_298,0.0
S_297,0.0
S_327,0.0
S_295,0.0
S_294,0.0
S_293,0.0
S_292,0.0
S_291,0.0
S_290,0.0
S_288,0.0
S_287,0.0
S_286,0.0
S_296,0.0
S_326,0.0
S_325,0.0
S_324,0.0
S_323,0.0
S_322,0.0
S_321,0.0
S_320,0.0
S_319,0.0
S_318,0.0
S_306,0.0
S_316,0.0
S_315,0.0
S_314,0.0
S_313,0.0
S_312,0.0
S_311,0.0
S_310,0.0
S_309,0.0
S_308,0.0
S_307,0.0
S_317,0.0
ORF1ab_21114,0.0
ORF1ab_21113,0.0
ORF1ab_21112,0.0
ORF1ab_21111,0.0
ORF1ab_21110,0.0
ORF1ab_21109,0.0
ORF1ab_21108,0.0
ORF1ab_21107,0.0
ORF1ab_21106,0.0
S_973,0.0
ORF1ab_21105,0.0
ORF1ab_21104,0.0
ORF1ab_21103,0.0
ORF1ab_21102,0.0
ORF1ab_21101,0.0
ORF1ab_21100,0.0
ORF1ab_21099,0.0
ORF1ab_21098,0.0
ORF1ab_21097,0.0
S_978,0.0
S_19,0.0
S_17,0.0
S_14,0.0
S_13,0.0
ORF1ab_21259,0.0
ORF1ab_21255,0.0
ORF1ab_21207,0.0
ORF1ab_21195,0.0
ORF1ab_21187,0.0
ORF1ab_21115,0.0
ORF1ab_21135,0.0
ORF1ab_21126,0.0
ORF1ab_21124,0.0
ORF1ab_21122,0.0
ORF1ab_21121,0.0
ORF1ab_21120,0.0
ORF1ab_21119,0.0
ORF1ab_21118,0.0
ORF1ab_21117,0.0
ORF1ab_21116,0.0
ORF1ab_21177,0.0
ORF1ab_20846,0.0
S_981,0.0
ORF1ab_20844,0.0
ORF1ab_20813,0.0
ORF1ab_20799,0.0
ORF1ab_20795,0.0
ORF1ab_20793,0.0
ORF1ab_20790,0.0
ORF1ab_20772,0.0
ORF1ab_21096,0.0
ORF1ab_20753,0.0
ORF1ab_20750,0.0
ORF1ab_20746,0.0
ORF1ab_20744,0.0
ORF1ab_20731,0.0
ORF1ab_20666,0.0
ORF1ab_20715,0.0
ORF1ab_20698,0.0
ORF1ab_20672,0.0
ORF1ab_20667,0.0
ORF1ab_20763,0.0
ORF1ab_21095,0.0
ORF1ab_21094,0.0
ORF1ab_21054,0.0
ORF1ab_21042,0.0
ORF1ab_21041,0.0
ORF1ab_21040,0.0
ORF1ab_21038,0.0
ORF1ab_21033,0.0
S_979,0.0
ORF1ab_20859,0.0
ORF1ab_20991,0.0
ORF1ab_20969,0.0
ORF1ab_20959,0.0
ORF1ab_20955,0.0
ORF1ab_20952,0.0
ORF1ab_20930,0.0
ORF1ab_20905,0.0
ORF1ab_20878,0.0
S_980,0.0
ORF1ab_20873,0.0
ORF1ab_21006,0.0
S_192,0.0
S_191,0.0
S_190,0.0
S_189,0.0
S_188,0.0
S_187,0.0
S_186,0.0
S_185,0.0
S_184,0.0
S_27,0.0
S_182,0.0
S_181,0.0
S_180,0.0
S_179,0.0
S_178,0.0
S_177,0.0
S_176,0.0
S_175,0.0
S_174,0.0
S_183,0.0
S_210,0.0
S_366,0.0
S_974,0.0
S_209,0.0
S_975,0.0
S_208,0.0
S_207,0.0
S_206,0.0
S_205,0.0
S_193,0.0
S_203,0.0
S_202,0.0
S_201,0.0
S_200,0.0
S_199,0.0
S_198,0.0
S_197,0.0
S_196,0.0
S_195,0.0
S_194,0.0
S_204,0.0
S_121,0.0
S_97,0.0
S_80,0.0
S_79,0.0
S_78,0.0
S_77,0.0
S_76,0.0
S_75,0.0
S_74,0.0
S_173,0.0
S_72,0.0
S_66,0.0
S_63,0.0
S_61,0.0
S_60,0.0
S_57,0.0
S_977,0.0
S_39,0.0
S_36,0.0
S_31,0.0
S_73,0.0
S_172,0.0
S_171,0.0
S_170,0.0
S_169,0.0
S_168,0.0
S_167,0.0
S_166,0.0
S_165,0.0
S_164,0.0
S_130,0.0
S_162,0.0
S_161,0.0
S_160,0.0
S_159,0.0
S_158,0.0
S_157,0.0
S_976,0.0
S_156,0.0
S_148,0.0
S_146,0.0
S_163,0.0
S_855,0.0
S_854,0.0
S_853,0.0
S_852,0.0
S_851,0.0
S_850,0.0
S_849,0.0
S_848,0.0
S_847,0.0
S_369,0.0
S_846,0.0
S_845,0.0
S_844,0.0
S_843,0.0
S_842,0.0
S_841,0.0
S_840,0.0
S_839,0.0
S_960,0.0
S_959,0.0
S_876,0.0
S_875,0.0
S_874,0.0
S_873,0.0
S_872,0.0
S_871,0.0
S_870,0.0
S_869,0.0
S_868,0.0
S_856,0.0
S_866,0.0
S_865,0.0
S_864,0.0
S_863,0.0
S_862,0.0
S_861,0.0
S_860,0.0
S_859,0.0
S_858,0.0
S_857,0.0
S_867,0.0
S_817,0.0
S_816,0.0
S_815,0.0
S_814,0.0
S_813,0.0
S_812,0.0
S_811,0.0
S_810,0.0
S_809,0.0
S_838,0.0
S_807,0.0
S_806,0.0
S_805,0.0
S_804,0.0
S_803,0.0
S_802,0.0
S_801,0.0
S_800,0.0
S_799,0.0
S_808,0.0
S_837,0.0
S_836,0.0
S_835,0.0
S_834,0.0
S_833,0.0
S_832,0.0
S_831,0.0
S_830,0.0
S_829,0.0
S_818,0.0
S_827,0.0
S_826,0.0
S_825,0.0
S_824,0.0
S_823,0.0
S_822,0.0
S_821,0.0
S_820,0.0
S_961,0.0
S_819,0.0
S_828,0.0
S_934,0.0
S_933,0.0
S_932,0.0
S_931,0.0
S_930,0.0
S_929,0.0
S_928,0.0
S_927,0.0
S_926,0.0
S_877,0.0
S_924,0.0
S_923,0.0
S_922,0.0
S_921,0.0
S_956,0.0
S_920,0.0
S_919,0.0
S_918,0.0
S_917,0.0
S_925,0.0
S_954,0.0
S_953,0.0
S_952,0.0
S_951,0.0
S_950,0.0
S_949,0.0
S_948,0.0
S_947,0.0
S_946,0.0
S_955,0.0
S_944,0.0
S_943,0.0
S_942,0.0
S_941,0.0
S_940,0.0
S_939,0.0
S_938,0.0
S_937,0.0
S_936,0.0
S_935,0.0
S_945,0.0
S_896,0.0
S_895,0.0
S_894,0.0
S_893,0.0
S_892,0.0
S_891,0.0
S_890,0.0
S_889,0.0
S_888,0.0
S_916,0.0
S_886,0.0
S_885,0.0
S_884,0.0
S_883,0.0
S_882,0.0
S_881,0.0
S_880,0.0
S_879,0.0
S_878,0.0
S_887,0.0
S_915,0.0
S_914,0.0
S_913,0.0
S_912,0.0
S_911,0.0
S_910,0.0
S_909,0.0
S_908,0.0
S_907,0.0
S_897,0.0
S_957,0.0
S_905,0.0
S_904,0.0
S_903,0.0
S_902,0.0
S_958,0.0
S_901,0.0
S_900,0.0
S_899,0.0
S_898,0.0
S_906,0.0
S_425,0.0
S_424,0.0
S_423,0.0
S_422,0.0
S_421,0.0
S_420,0.0
S_419,0.0
S_418,0.0
S_417,0.0
S_798,0.0
S_415,0.0
S_414,0.0
S_413,0.0
S_412,0.0
S_411,0.0
S_410,0.0
S_409,0.0
S_408,0.0
S_407,0.0
S_416,0.0
S_469,0.0
S_468,0.0
S_967,0.0
S_460,0.0
S_457,0.0
S_456,0.0
S_450,0.0
S_445,0.0
S_444,0.0
S_968,0.0
S_436,0.0
S_435,0.0
S_434,0.0
S_433,0.0
S_432,0.0
S_431,0.0
S_430,0.0
S_429,0.0
S_428,0.0
S_427,0.0
S_439,0.0
S_385,0.0
S_384,0.0
S_383,0.0
S_970,0.0
S_382,0.0
S_381,0.0
S_380,0.0
S_379,0.0
S_378,0.0
S_406,0.0
S_376,0.0
S_375,0.0
S_374,0.0
S_373,0.0
S_372,0.0
S_371,0.0
S_370,0.0
S_368,0.0
S_367,0.0
S_377,0.0
S_405,0.0
S_404,0.0
S_403,0.0
S_402,0.0
S_401,0.0
S_400,0.0
S_399,0.0
S_398,0.0
S_397,0.0
S_386,0.0
S_969,0.0
S_395,0.0
S_394,0.0
S_393,0.0
S_392,0.0
S_391,0.0
S_390,0.0
S_389,0.0
S_388,0.0
S_387,0.0
S_396,0.0
S_777,0.0
S_776,0.0
S_775,0.0
S_774,0.0
S_773,0.0
S_772,0.0
S_771,0.0
S_770,0.0
S_769,0.0
S_470,0.0
S_767,0.0
S_766,0.0
S_765,0.0
S_764,0.0
S_762,0.0
S_753,0.0
S_752,0.0
S_729,0.0
S_728,0.0
S_768,0.0
S_797,0.0
S_796,0.0
S_795,0.0
S_794,0.0
S_793,0.0
S_792,0.0
S_791,0.0
S_790,0.0
S_789,0.0
S_778,0.0
S_788,0.0
S_787,0.0
S_786,0.0
S_785,0.0
S_784,0.0
S_783,0.0
S_782,0.0
S_781,0.0
S_780,0.0
S_779,0.0
S_962,0.0
S_965,0.0
S_642,0.0
S_639,0.0
S_635,0.0
S_634,0.0
S_633,0.0
S_601,0.0
S_595,0.0
S_591,0.0
S_727,0.0
S_570,0.0
S_559,0.0
S_543,0.0
S_542,0.0
S_533,0.0
S_518,0.0
S_473,0.0
S_472,0.0
S_471,0.0
S_966,0.0
S_726,0.0
S_725,0.0
S_724,0.0
S_723,0.0
S_709,0.0
S_703,0.0
S_963,0.0
S_694,0.0
S_688,0.0
S_644,0.0
S_666,0.0
S_664,0.0
S_663,0.0
S_661,0.0
S_658,0.0
S_657,0.0
S_656,0.0
S_655,0.0
S_646,0.0
S_964,0.0
S_680,0.0
ORF1ab_19054,0.0
ORF1ab_19053,0.0
ORF1ab_19052,0.0
ORF1ab_19051,0.0
ORF1ab_19050,0.0
ORF1ab_19049,0.0
ORF1ab_19048,0.0
ORF1ab_19047,0.0
ORF1ab_19046,0.0
ORF1ab_20498,0.0
ORF1ab_19044,0.0
ORF1ab_19043,0.0
ORF1ab_19042,0.0
ORF1ab_19041,0.0
ORF1ab_19040,0.0
ORF1ab_19039,0.0
ORF1ab_19038,0.0
ORF1ab_19037,0.0
ORF1ab_19036,0.0
ORF1ab_19035,0.0
ORF1ab_19045,0.0
ORF1ab_19075,0.0
ORF1ab_19074,0.0
ORF1ab_19073,0.0
ORF1ab_19072,0.0
ORF1ab_19071,0.0
ORF1ab_19070,0.0
ORF1ab_19069,0.0
ORF1ab_19068,0.0
ORF1ab_19067,0.0
ORF1ab_19055,0.0
ORF1ab_19065,0.0
ORF1ab_19064,0.0
ORF1ab_19063,0.0
ORF1ab_19062,0.0
ORF1ab_19061,0.0
ORF1ab_19060,0.0
ORF1ab_19059,0.0
ORF1ab_19058,0.0
ORF1ab_19057,0.0
ORF1ab_19056,0.0
ORF1ab_19066,0.0
ORF1ab_19012,0.0
ORF1ab_19000,0.0
ORF1ab_18999,0.0
ORF1ab_18956,0.0
ORF1ab_18951,0.0
ORF1ab_18922,0.0
ORF1ab_18916,0.0
ORF1ab_18903,0.0
ORF1ab_18896,0.0
ORF1ab_19034,0.0
ORF1ab_18885,0.0
ORF1ab_18881,0.0
ORF1ab_18858,0.0
ORF1ab_18853,0.0
ORF1ab_18837,0.0
ORF1ab_18833,0.0
ORF1ab_18827,0.0
ORF1ab_18822,0.0
ORF1ab_18798,0.0
ORF1ab_18792,0.0
ORF1ab_18887,0.0
ORF1ab_19033,0.0
ORF1ab_19032,0.0
ORF1ab_19031,0.0
ORF1ab_19030,0.0
ORF1ab_19029,0.0
ORF1ab_19028,0.0
ORF1ab_19027,0.0
ORF1ab_19026,0.0
ORF1ab_19025,0.0
ORF1ab_19013,0.0
ORF1ab_19023,0.0
ORF1ab_19022,0.0
ORF1ab_19021,0.0
ORF1ab_19020,0.0
ORF1ab_19019,0.0
ORF1ab_19018,0.0
ORF1ab_19017,0.0
ORF1ab_19016,0.0
ORF1ab_19015,0.0
ORF1ab_19014,0.0
ORF1ab_19024,0.0
ORF1ab_19139,0.0
ORF1ab_19138,0.0
ORF1ab_19137,0.0
ORF1ab_19136,0.0
ORF1ab_19135,0.0
ORF1ab_19134,0.0
ORF1ab_19133,0.0
ORF1ab_19132,0.0
ORF1ab_19131,0.0
ORF1ab_19076,0.0
ORF1ab_19129,0.0
ORF1ab_19128,0.0
ORF1ab_19127,0.0
ORF1ab_19126,0.0
ORF1ab_19125,0.0
ORF1ab_19124,0.0
ORF1ab_19123,0.0
ORF1ab_19122,0.0
ORF1ab_19121,0.0
ORF1ab_19120,0.0
ORF1ab_19130,0.0
ORF1ab_19160,0.0
ORF1ab_19159,0.0
ORF1ab_19158,0.0
ORF1ab_19157,0.0
ORF1ab_19156,0.0
ORF1ab_19155,0.0
ORF1ab_19154,0.0
ORF1ab_19153,0.0
ORF1ab_19152,0.0
ORF1ab_19140,0.0
ORF1ab_19150,0.0
ORF1ab_19149,0.0
ORF1ab_19148,0.0
ORF1ab_19147,0.0
ORF1ab_19146,0.0
ORF1ab_19145,0.0
ORF1ab_19144,0.0
ORF1ab_19143,0.0
ORF1ab_19142,0.0
ORF1ab_19141,0.0
ORF1ab_19151,0.0
ORF1ab_19096,0.0
ORF1ab_19095,0.0
ORF1ab_19094,0.0
ORF1ab_19093,0.0
ORF1ab_19092,0.0
ORF1ab_19091,0.0
ORF1ab_19090,0.0
ORF1ab_19089,0.0
ORF1ab_19088,0.0
ORF1ab_19119,0.0
ORF1ab_19086,0.0
ORF1ab_19085,0.0
ORF1ab_19084,0.0
ORF1ab_19083,0.0
ORF1ab_19082,0.0
ORF1ab_19081,0.0
ORF1ab_19080,0.0
ORF1ab_19079,0.0
ORF1ab_19078,0.0
ORF1ab_19077,0.0
ORF1ab_19087,0.0
ORF1ab_19118,0.0
ORF1ab_19117,0.0
ORF1ab_19116,0.0
ORF1ab_19115,0.0
ORF1ab_19114,0.0
ORF1ab_19113,0.0
ORF1ab_19112,0.0
ORF1ab_19111,0.0
ORF1ab_19110,0.0
ORF1ab_19109,0.0
ORF1ab_19097,0.0
ORF1ab_19107,0.0
ORF1ab_19106,0.0
ORF1ab_19105,0.0
ORF1ab_19104,0.0
ORF1ab_19103,0.0
ORF1ab_19102,0.0
ORF1ab_19101,0.0
ORF1ab_19100,0.0
ORF1ab_19099,0.0
ORF1ab_19098,0.0
ORF1ab_19108,0.0
ORF1ab_17648,0.0
ORF1ab_17647,0.0
ORF1ab_17646,0.0
ORF1ab_17645,0.0
ORF1ab_17644,0.0
ORF1ab_17643,0.0
ORF1ab_17642,0.0
ORF1ab_17641,0.0
ORF1ab_17640,0.0
ORF1ab_18765,0.0
ORF1ab_17638,0.0
ORF1ab_17637,0.0
ORF1ab_17636,0.0
ORF1ab_17635,0.0
ORF1ab_17634,0.0
ORF1ab_17633,0.0
ORF1ab_17632,0.0
ORF1ab_17631,0.0
ORF1ab_17630,0.0
ORF1ab_17629,0.0
ORF1ab_17639,0.0
ORF1ab_17669,0.0
ORF1ab_17668,0.0
ORF1ab_17667,0.0
ORF1ab_17666,0.0
ORF1ab_17665,0.0
ORF1ab_17664,0.0
ORF1ab_17663,0.0
ORF1ab_17662,0.0
ORF1ab_17661,0.0
ORF1ab_17649,0.0
ORF1ab_17659,0.0
ORF1ab_17658,0.0
ORF1ab_17657,0.0
ORF1ab_17656,0.0
ORF1ab_17655,0.0
ORF1ab_17654,0.0
ORF1ab_17653,0.0
ORF1ab_17652,0.0
ORF1ab_17651,0.0
ORF1ab_17650,0.0
ORF1ab_17660,0.0
ORF1ab_17602,0.0
ORF1ab_17601,0.0
ORF1ab_17600,0.0
ORF1ab_17599,0.0
ORF1ab_17598,0.0
ORF1ab_17597,0.0
ORF1ab_17596,0.0
ORF1ab_17595,0.0
ORF1ab_17594,0.0
ORF1ab_17628,0.0
ORF1ab_17592,0.0
ORF1ab_17591,0.0
ORF1ab_17590,0.0
ORF1ab_17589,0.0
ORF1ab_17588,0.0
ORF1ab_17587,0.0
ORF1ab_17586,0.0
ORF1ab_17585,0.0
ORF1ab_17584,0.0
ORF1ab_17583,0.0
ORF1ab_17593,0.0
ORF1ab_17627,0.0
ORF1ab_17626,0.0
ORF1ab_17625,0.0
ORF1ab_17624,0.0
ORF1ab_17623,0.0
ORF1ab_17622,0.0
ORF1ab_17621,0.0
ORF1ab_17620,0.0
ORF1ab_17619,0.0
ORF1ab_17618,0.0
ORF1ab_17603,0.0
ORF1ab_17616,0.0
ORF1ab_17615,0.0
ORF1ab_17614,0.0
ORF1ab_17613,0.0
ORF1ab_17612,0.0
ORF1ab_17611,0.0
ORF1ab_17607,0.0
ORF1ab_17606,0.0
ORF1ab_17605,0.0
ORF1ab_17604,0.0
ORF1ab_17617,0.0
ORF1ab_18393,0.0
ORF1ab_18387,0.0
ORF1ab_18383,0.0
ORF1ab_18319,0.0
ORF1ab_18306,0.0
ORF1ab_18304,0.0
ORF1ab_18291,0.0
ORF1ab_18274,0.0
ORF1ab_18262,0.0
ORF1ab_17670,0.0
ORF1ab_18234,0.0
ORF1ab_18222,0.0
ORF1ab_18207,0.0
ORF1ab_18204,0.0
ORF1ab_18193,0.0
ORF1ab_18188,0.0
ORF1ab_18171,0.0
ORF1ab_18160,0.0
ORF1ab_18153,0.0
ORF1ab_18148,0.0
ORF1ab_18244,0.0
ORF1ab_18753,0.0
ORF1ab_18747,0.0
ORF1ab_18742,0.0
ORF1ab_18734,0.0
ORF1ab_18732,0.0
ORF1ab_18717,0.0
ORF1ab_18708,0.0
ORF1ab_18681,0.0
ORF1ab_18639,0.0
ORF1ab_18429,0.0
ORF1ab_18613,0.0
ORF1ab_18606,0.0
ORF1ab_18595,0.0
ORF1ab_18564,0.0
ORF1ab_18563,0.0
ORF1ab_18539,0.0
ORF1ab_18524,0.0
ORF1ab_18492,0.0
ORF1ab_18483,0.0
ORF1ab_18480,0.0
ORF1ab_18616,0.0
ORF1ab_17796,0.0
ORF1ab_17768,0.0
ORF1ab_17764,0.0
ORF1ab_17735,0.0
ORF1ab_17729,0.0
ORF1ab_17715,0.0
ORF1ab_17713,0.0
ORF1ab_17706,0.0
ORF1ab_17704,0.0
ORF1ab_18133,0.0
ORF1ab_17702,0.0
ORF1ab_17701,0.0
ORF1ab_17700,0.0
ORF1ab_17695,0.0
ORF1ab_17691,0.0
ORF1ab_17686,0.0
ORF1ab_17682,0.0
ORF1ab_17677,0.0
ORF1ab_17674,0.0
ORF1ab_17671,0.0
ORF1ab_17703,0.0
ORF1ab_18131,0.0
ORF1ab_18096,0.0
ORF1ab_18084,0.0
ORF1ab_18065,0.0
ORF1ab_18063,0.0
ORF1ab_18036,0.0
ORF1ab_18034,0.0
ORF1ab_17991,0.0
ORF1ab_17984,0.0
ORF1ab_17982,0.0
ORF1ab_17815,0.0
ORF1ab_17919,0.0
ORF1ab_17912,0.0
ORF1ab_17903,0.0
ORF1ab_17902,0.0
ORF1ab_17899,0.0
ORF1ab_17880,0.0
ORF1ab_17865,0.0
ORF1ab_17856,0.0
ORF1ab_17823,0.0
ORF1ab_17822,0.0
ORF1ab_17920,0.0
ORF1ab_19429,0.0
ORF1ab_19428,0.0
ORF1ab_19427,0.0
ORF1ab_19426,0.0
ORF1ab_19425,0.0
ORF1ab_19424,0.0
ORF1ab_19423,0.0
ORF1ab_19422,0.0
ORF1ab_19421,0.0
ORF1ab_19161,0.0
ORF1ab_19419,0.0
ORF1ab_19418,0.0
ORF1ab_19417,0.0
ORF1ab_19416,0.0
ORF1ab_19415,0.0
ORF1ab_19414,0.0
ORF1ab_19413,0.0
ORF1ab_19412,0.0
ORF1ab_19411,0.0
ORF1ab_19410,0.0
ORF1ab_19420,0.0
ORF1ab_19497,0.0
ORF1ab_19496,0.0
ORF1ab_19495,0.0
ORF1ab_19484,0.0
ORF1ab_19476,0.0
ORF1ab_19474,0.0
ORF1ab_19459,0.0
ORF1ab_19458,0.0
ORF1ab_19454,0.0
ORF1ab_19430,0.0
ORF1ab_19452,0.0
ORF1ab_19450,0.0
ORF1ab_19449,0.0
ORF1ab_19437,0.0
ORF1ab_19436,0.0
ORF1ab_19435,0.0
ORF1ab_19434,0.0
ORF1ab_19433,0.0
ORF1ab_19432,0.0
ORF1ab_19431,0.0
ORF1ab_19453,0.0
ORF1ab_19387,0.0
ORF1ab_19386,0.0
ORF1ab_19385,0.0
ORF1ab_19384,0.0
ORF1ab_19383,0.0
ORF1ab_19382,0.0
ORF1ab_19381,0.0
ORF1ab_19380,0.0
ORF1ab_19379,0.0
ORF1ab_19409,0.0
ORF1ab_19377,0.0
ORF1ab_19376,0.0
ORF1ab_19375,0.0
ORF1ab_19374,0.0
ORF1ab_19373,0.0
ORF1ab_19372,0.0
ORF1ab_19371,0.0
ORF1ab_19370,0.0
ORF1ab_19369,0.0
ORF1ab_19368,0.0
ORF1ab_19378,0.0
ORF1ab_19408,0.0
ORF1ab_19407,0.0
ORF1ab_19406,0.0
ORF1ab_19405,0.0
ORF1ab_19404,0.0
ORF1ab_19403,0.0
ORF1ab_19402,0.0
ORF1ab_19401,0.0
ORF1ab_19400,0.0
ORF1ab_19388,0.0
ORF1ab_19398,0.0
ORF1ab_19397,0.0
ORF1ab_19396,0.0
ORF1ab_19395,0.0
ORF1ab_19394,0.0
ORF1ab_19393,0.0
ORF1ab_19392,0.0
ORF1ab_19391,0.0
ORF1ab_19390,0.0
ORF1ab_19389,0.0
ORF1ab_19399,0.0
ORF1ab_20219,0.0
ORF1ab_20216,0.0
ORF1ab_20213,0.0
ORF1ab_20204,0.0
ORF1ab_20169,0.0
ORF1ab_20165,0.0
ORF1ab_20157,0.0
ORF1ab_20154,0.0
ORF1ab_20141,0.0
ORF1ab_19500,0.0
ORF1ab_20132,0.0
ORF1ab_20120,0.0
ORF1ab_20073,0.0
ORF1ab_20061,0.0
ORF1ab_20056,0.0
ORF1ab_20043,0.0
ORF1ab_20013,0.0
ORF1ab_20009,0.0
ORF1ab_20004,0.0
ORF1ab_19998,0.0
ORF1ab_20137,0.0
ORF1ab_20596,0.0
ORF1ab_20580,0.0
ORF1ab_20568,0.0
ORF1ab_20559,0.0
ORF1ab_20538,0.0
S_1004,0.0
ORF1ab_20495,0.0
ORF1ab_20490,0.0
ORF1ab_20473,0.0
ORF1ab_20222,0.0
ORF1ab_20469,0.0
ORF1ab_20455,0.0
ORF1ab_20445,0.0
ORF1ab_20439,0.0
ORF1ab_20419,0.0
ORF1ab_20415,0.0
ORF1ab_20364,0.0
ORF1ab_20314,0.0
ORF1ab_20276,0.0
ORF1ab_20223,0.0
ORF1ab_20470,0.0
ORF1ab_19698,0.0
ORF1ab_19692,0.0
ORF1ab_19691,0.0
ORF1ab_19687,0.0
ORF1ab_19685,0.0
ORF1ab_19683,0.0
ORF1ab_19638,0.0
ORF1ab_19635,0.0
ORF1ab_19632,0.0
ORF1ab_19983,0.0
ORF1ab_19608,0.0
ORF1ab_19602,0.0
ORF1ab_19598,0.0
ORF1ab_19586,0.0
ORF1ab_19584,0.0
ORF1ab_19575,0.0
ORF1ab_19574,0.0
ORF1ab_19554,0.0
ORF1ab_19552,0.0
ORF1ab_19527,0.0
ORF1ab_19617,0.0
ORF1ab_19971,0.0
ORF1ab_19950,0.0
ORF1ab_19914,0.0
ORF1ab_19913,0.0
ORF1ab_19899,0.0
ORF1ab_19884,0.0
ORF1ab_19869,0.0
ORF1ab_19865,0.0
ORF1ab_19849,0.0
ORF1ab_19840,0.0
ORF1ab_19705,0.0
ORF1ab_19819,0.0
ORF1ab_19804,0.0
ORF1ab_19796,0.0
ORF1ab_19791,0.0
ORF1ab_19783,0.0
ORF1ab_19769,0.0
ORF1ab_19767,0.0
ORF1ab_19766,0.0
ORF1ab_19738,0.0
ORF1ab_19719,0.0
ORF1ab_19838,0.0
ORF1ab_19225,0.0
ORF1ab_19224,0.0
ORF1ab_19223,0.0
ORF1ab_19222,0.0
ORF1ab_19221,0.0
ORF1ab_19220,0.0
ORF1ab_19219,0.0
ORF1ab_19218,0.0
ORF1ab_19217,0.0
ORF1ab_19367,0.0
ORF1ab_19215,0.0
ORF1ab_19214,0.0
ORF1ab_19213,0.0
ORF1ab_19212,0.0
ORF1ab_19211,0.0
ORF1ab_19210,0.0
ORF1ab_19209,0.0
ORF1ab_19208,0.0
ORF1ab_19207,0.0
ORF1ab_19206,0.0
ORF1ab_19216,0.0
ORF1ab_19246,0.0
ORF1ab_19245,0.0
ORF1ab_19244,0.0
ORF1ab_19243,0.0
ORF1ab_19242,0.0
ORF1ab_19241,0.0
ORF1ab_19240,0.0
ORF1ab_19239,0.0
ORF1ab_19238,0.0
ORF1ab_19226,0.0
ORF1ab_19236,0.0
ORF1ab_19235,0.0
ORF1ab_19234,0.0
ORF1ab_19233,0.0
ORF1ab_19232,0.0
ORF1ab_19231,0.0
ORF1ab_19230,0.0
ORF1ab_19229,0.0
ORF1ab_19228,0.0
ORF1ab_19227,0.0
ORF1ab_19237,0.0
ORF1ab_19181,0.0
ORF1ab_19180,0.0
ORF1ab_19179,0.0
ORF1ab_19178,0.0
ORF1ab_19177,0.0
ORF1ab_19176,0.0
ORF1ab_19175,0.0
ORF1ab_19174,0.0
ORF1ab_19173,0.0
ORF1ab_19205,0.0
ORF1ab_19171,0.0
ORF1ab_19170,0.0
ORF1ab_19169,0.0
ORF1ab_19168,0.0
ORF1ab_19167,0.0
ORF1ab_19166,0.0
ORF1ab_19165,0.0
ORF1ab_19164,0.0
ORF1ab_19163,0.0
ORF1ab_19162,0.0
ORF1ab_19172,0.0
ORF1ab_19204,0.0
ORF1ab_19203,0.0
ORF1ab_19202,0.0
ORF1ab_19200,0.0
ORF1ab_19199,0.0
ORF1ab_19198,0.0
ORF1ab_19197,0.0
ORF1ab_19196,0.0
ORF1ab_19195,0.0
ORF1ab_19194,0.0
ORF1ab_19182,0.0
ORF1ab_19192,0.0
ORF1ab_19191,0.0
ORF1ab_19190,0.0
ORF1ab_19189,0.0
ORF1ab_19188,0.0
ORF1ab_19187,0.0
ORF1ab_19186,0.0
ORF1ab_19185,0.0
ORF1ab_19184,0.0
ORF1ab_19183,0.0
ORF1ab_19193,0.0
ORF1ab_19339,0.0
ORF1ab_19338,0.0
ORF1ab_19332,0.0
ORF1ab_19322,0.0
ORF1ab_19306,0.0
ORF1ab_19305,0.0
ORF1ab_19304,0.0
ORF1ab_19303,0.0
ORF1ab_19302,0.0
ORF1ab_19247,0.0
ORF1ab_19300,0.0
ORF1ab_19299,0.0
ORF1ab_19298,0.0
ORF1ab_19297,0.0
ORF1ab_19296,0.0
ORF1ab_19295,0.0
ORF1ab_19294,0.0
ORF1ab_19293,0.0
ORF1ab_19292,0.0
ORF1ab_19291,0.0
ORF1ab_19301,0.0
ORF1ab_19366,0.0
ORF1ab_19365,0.0
ORF1ab_19364,0.0
ORF1ab_19363,0.0
ORF1ab_19362,0.0
ORF1ab_19361,0.0
ORF1ab_19360,0.0
ORF1ab_19359,0.0
ORF1ab_19358,0.0
ORF1ab_19346,0.0
ORF1ab_19356,0.0
ORF1ab_19355,0.0
ORF1ab_19354,0.0
ORF1ab_19353,0.0
ORF1ab_19352,0.0
ORF1ab_19351,0.0
ORF1ab_19350,0.0
ORF1ab_19349,0.0
ORF1ab_19348,0.0
ORF1ab_19347,0.0
ORF1ab_19357,0.0
ORF1ab_19267,0.0
ORF1ab_19266,0.0
ORF1ab_19265,0.0
ORF1ab_19264,0.0
ORF1ab_19263,0.0
ORF1ab_19262,0.0
ORF1ab_19261,0.0
ORF1ab_19260,0.0
ORF1ab_19259,0.0
ORF1ab_19290,0.0
ORF1ab_19257,0.0
ORF1ab_19256,0.0
ORF1ab_19255,0.0
ORF1ab_19254,0.0
ORF1ab_19253,0.0
ORF1ab_19252,0.0
ORF1ab_19251,0.0
ORF1ab_19250,0.0
ORF1ab_19249,0.0
ORF1ab_19248,0.0
ORF1ab_19258,0.0
ORF1ab_19289,0.0
ORF1ab_19288,0.0
ORF1ab_19287,0.0
ORF1ab_19286,0.0
ORF1ab_19285,0.0
ORF1ab_19284,0.0
ORF1ab_19283,0.0
ORF1ab_19282,0.0
ORF1ab_19281,0.0
ORF1ab_19280,0.0
ORF1ab_19268,0.0
ORF1ab_19278,0.0
ORF1ab_19277,0.0
ORF1ab_19276,0.0
ORF1ab_19275,0.0
ORF1ab_19274,0.0
ORF1ab_19273,0.0
ORF1ab_19272,0.0
ORF1ab_19271,0.0
ORF1ab_19270,0.0
ORF1ab_19269,0.0
ORF1ab_19279,0.0
ORF6_69,0.0
ORF6_68,0.0
ORF6_67,0.0
ORF6_66,0.0
ORF6_63,0.0
ORF6_59,0.0
ORF6_56,0.0
ORF6_14,0.0
M_642,0.0
S_1126,0.0
M_622,0.0
M_617,0.0
M_610,0.0
M_591,0.0
M_586,0.0
M_568,0.0
M_553,0.0
M_532,0.0
M_520,0.0
M_626,0.0
ORF6_90,0.0
ORF6_89,0.0
ORF6_88,0.0
ORF6_87,0.0
ORF6_86,0.0
ORF6_85,0.0
ORF6_84,0.0
ORF6_83,0.0
ORF6_82,0.0
ORF6_70,0.0
ORF6_80,0.0
ORF6_79,0.0
ORF6_78,0.0
ORF6_77,0.0
ORF6_76,0.0
ORF6_75,0.0
ORF6_74,0.0
ORF6_73,0.0
ORF6_72,0.0
ORF6_71,0.0
ORF6_81,0.0
M_319,0.0
M_313,0.0
M_312,0.0
M_307,0.0
M_305,0.0
M_301,0.0
M_282,0.0
M_280,0.0
M_253,0.0
M_512,0.0
M_242,0.0
M_225,0.0
M_214,0.0
M_209,0.0
M_206,0.0
M_192,0.0
M_188,0.0
M_160,0.0
M_146,0.0
M_124,0.0
M_246,0.0
M_491,0.0
M_490,0.0
M_484,0.0
M_481,0.0
M_464,0.0
M_451,0.0
M_438,0.0
M_431,0.0
M_430,0.0
M_328,0.0
M_406,0.0
M_397,0.0
M_374,0.0
M_373,0.0
M_371,0.0
M_364,0.0
M_361,0.0
M_358,0.0
M_352,0.0
M_337,0.0
M_415,0.0
ORF7a_203,0.0
ORF7a_202,0.0
ORF7a_201,0.0
ORF7a_200,0.0
ORF7a_199,0.0
ORF7a_198,0.0
ORF7a_197,0.0
ORF7a_196,0.0
ORF7a_195,0.0
ORF6_91,0.0
ORF7a_193,0.0
ORF7a_192,0.0
ORF7a_191,0.0
ORF7a_190,0.0
ORF7a_189,0.0
ORF7a_188,0.0
ORF7a_187,0.0
ORF7a_141,0.0
ORF7a_140,0.0
ORF7a_139,0.0
ORF7a_194,0.0
ORF7a_224,0.0
ORF7a_223,0.0
ORF7a_222,0.0
ORF7a_221,0.0
ORF7a_220,0.0
ORF7a_219,0.0
ORF7a_218,0.0
ORF7a_217,0.0
ORF7a_216,0.0
ORF7a_204,0.0
ORF7a_214,0.0
ORF7a_213,0.0
ORF7a_212,0.0
ORF7a_211,0.0
ORF7a_210,0.0
ORF7a_209,0.0
ORF7a_208,0.0
ORF7a_207,0.0
ORF7a_206,0.0
ORF7a_205,0.0
ORF7a_215,0.0
ORF7a_102,0.0
ORF7a_87,0.0
ORF7a_84,0.0
ORF7a_70,0.0
ORF7a_33,0.0
ORF7a_23,0.0
ORF7a_14,0.0
ORF7a_1,0.0
ORF6_184,0.0
ORF7a_138,0.0
ORF6_182,0.0
ORF6_171,0.0
ORF6_153,0.0
ORF6_145,0.0
ORF6_138,0.0
ORF6_128,0.0
ORF6_99,0.0
ORF6_97,0.0
ORF6_95,0.0
ORF6_94,0.0
ORF6_183,0.0
ORF7a_137,0.0
ORF7a_136,0.0
ORF7a_135,0.0
ORF7a_134,0.0
ORF7a_133,0.0
ORF7a_132,0.0
ORF7a_131,0.0
ORF7a_130,0.0
ORF7a_129,0.0
ORF7a_113,0.0
ORF7a_127,0.0
ORF7a_126,0.0
ORF7a_125,0.0
ORF7a_124,0.0
ORF7a_123,0.0
ORF7a_122,0.0
ORF7a_121,0.0
ORF7a_120,0.0
ORF7a_117,0.0
ORF7a_115,0.0
ORF7a_128,0.0
ORF3a_269,0.0
ORF3a_267,0.0
ORF3a_263,0.0
ORF3a_259,0.0
ORF3a_256,0.0
ORF3a_253,0.0
ORF3a_251,0.0
ORF3a_250,0.0
ORF3a_249,0.0
M_119,0.0
ORF3a_243,0.0
ORF3a_235,0.0
ORF3a_233,0.0
ORF3a_230,0.0
ORF3a_221,0.0
ORF3a_218,0.0
ORF3a_212,0.0
ORF3a_208,0.0
ORF3a_207,0.0
ORF3a_202,0.0
ORF3a_247,0.0
ORF3a_393,0.0
ORF3a_376,0.0
ORF3a_359,0.0
ORF3a_356,0.0
ORF3a_355,0.0
ORF3a_349,0.0
ORF3a_348,0.0
ORF3a_340,0.0
ORF3a_329,0.0
ORF3a_274,0.0
ORF3a_319,0.0
ORF3a_317,0.0
ORF3a_311,0.0
ORF3a_305,0.0
ORF3a_302,0.0
ORF3a_299,0.0
ORF3a_296,0.0
ORF3a_289,0.0
ORF3a_281,0.0
ORF3a_278,0.0
ORF3a_320,0.0
ORF3a_90,0.0
ORF3a_86,0.0
ORF3a_82,0.0
ORF3a_80,0.0
ORF3a_78,0.0
ORF3a_72,0.0
ORF3a_69,0.0
ORF3a_64,0.0
ORF3a_46,0.0
ORF3a_197,0.0
ORF3a_36,0.0
ORF3a_33,0.0
ORF3a_32,0.0
ORF3a_31,0.0
ORF3a_30,0.0
ORF3a_29,0.0
ORF3a_28,0.0
ORF3a_27,0.0
ORF3a_26,0.0
ORF3a_25,0.0
ORF3a_38,0.0
ORF3a_196,0.0
ORF3a_193,0.0
ORF3a_189,0.0
ORF3a_187,0.0
ORF3a_186,0.0
ORF3a_181,0.0
ORF3a_174,0.0
ORF3a_172,0.0
ORF3a_171,0.0
ORF3a_98,0.0
ORF3a_164,0.0
ORF3a_162,0.0
ORF3a_161,0.0
ORF3a_155,0.0
ORF3a_137,0.0
ORF3a_130,0.0
ORF3a_120,0.0
ORF3a_118,0.0
ORF3a_110,0.0
ORF3a_105,0.0
ORF3a_168,0.0
E_165,0.0
E_150,0.0
E_143,0.0
E_90,0.0
E_82,0.0
E_79,0.0
E_76,0.0
E_70,0.0
E_62,0.0
ORF3a_394,0.0
E_15,0.0
E_13,0.0
ORF3a_792,0.0
ORF3a_786,0.0
ORF3a_785,0.0
ORF3a_780,0.0
ORF3a_776,0.0
ORF3a_767,0.0
ORF3a_758,0.0
ORF3a_740,0.0
E_27,0.0
M_115,0.0
M_99,0.0
M_85,0.0
M_83,0.0
M_80,0.0
M_68,0.0
M_57,0.0
M_56,0.0
M_41,0.0
E_166,0.0
M_37,0.0
M_28,0.0
M_13,0.0
M_9,0.0
E_223,0.0
E_221,0.0
E_212,0.0
E_204,0.0
E_196,0.0
E_173,0.0
M_40,0.0
ORF3a_568,0.0
ORF3a_563,0.0
ORF3a_558,0.0
ORF3a_556,0.0
ORF3a_539,0.0
ORF3a_522,0.0
ORF3a_516,0.0
ORF3a_513,0.0
ORF3a_512,0.0
ORF3a_737,0.0
ORF3a_495,0.0
ORF3a_465,0.0
ORF3a_464,0.0
ORF3a_453,0.0
ORF3a_449,0.0
ORF3a_447,0.0
ORF3a_440,0.0
ORF3a_428,0.0
ORF3a_415,0.0
ORF3a_401,0.0
ORF3a_508,0.0
ORF3a_720,0.0
ORF3a_719,0.0
ORF3a_716,0.0
ORF3a_713,0.0
ORF3a_697,0.0
ORF3a_688,0.0
ORF3a_685,0.0
ORF3a_674,0.0
ORF3a_672,0.0
ORF3a_580,0.0
ORF3a_669,0.0
ORF3a_667,0.0
ORF3a_662,0.0
ORF3a_633,0.0
ORF3a_629,0.0
ORF3a_627,0.0
ORF3a_622,0.0
ORF3a_620,0.0
ORF3a_607,0.0
ORF3a_605,0.0
ORF3a_671,0.0
N_609,0.0
N_607,0.0
N_606,0.0
N_605,0.0
N_604,0.0
N_602,0.0
N_597,0.0
N_596,0.0
N_582,0.0
ORF7a_225,0.0
N_579,0.0
N_573,0.0
N_566,0.0
N_552,0.0
N_549,0.0
N_548,0.0
N_545,0.0
N_544,0.0
N_532,0.0
N_526,0.0
N_581,0.0
N_644,0.0
N_641,0.0
N_632,0.0
N_631,0.0
N_630,0.0
N_629,0.0
N_628,0.0
N_627,0.0
N_626,0.0
N_610,0.0
N_624,0.0
N_623,0.0
N_622,0.0
N_621,0.0
N_620,0.0
N_618,0.0
N_615,0.0
N_614,0.0
N_612,0.0
N_611,0.0
N_625,0.0
N_394,0.0
N_379,0.0
N_370,0.0
N_356,0.0
N_334,0.0
N_331,0.0
N_269,0.0
N_259,0.0
N_240,0.0
N_523,0.0
N_215,0.0
N_202,0.0
N_200,0.0
N_189,0.0
N_185,0.0
N_181,0.0
N_131,0.0
N_127,0.0
N_124,0.0
N_123,0.0
N_233,0.0
N_520,0.0
N_502,0.0
N_498,0.0
N_486,0.0
N_472,0.0
N_467,0.0
N_464,0.0
N_463,0.0
N_456,0.0
N_400,0.0
N_445,0.0
N_443,0.0
N_441,0.0
N_436,0.0
N_434,0.0
N_433,0.0
N_425,0.0
N_418,0.0
N_416,0.0
N_405,0.0
N_451,0.0
N_1205,0.0
N_1202,0.0
ORF1ab_73,0.0
N_1194,0.0
N_1180,0.0
N_1177,0.0
N_1173,0.0
N_1168,0.0
N_1167,0.0
N_649,0.0
ORF1ab_82,0.0
N_1150,0.0
N_1149,0.0
N_1148,0.0
N_1133,0.0
N_1130,0.0
N_1105,0.0
N_1092,0.0
N_1091,0.0
N_1090,0.0
N_1161,0.0
ORF10_110,0.0
ORF10_91,0.0
ORF10_89,0.0
ORF10_84,0.0
ORF10_79,0.0
ORF10_76,0.0
ORF10_58,0.0
ORF10_40,0.0
ORF10_29,0.0
N_1219,0.0
ORF10_26,0.0
ORF10_24,0.0
ORF10_11,0.0
N_1256,0.0
N_1255,0.0
N_1248,0.0
N_1246,0.0
N_1239,0.0
N_1238,0.0
N_1237,0.0
ORF10_27,0.0
N_838,0.0
N_823,0.0
N_813,0.0
N_809,0.0
N_801,0.0
N_755,0.0
N_751,0.0
N_735,0.0
N_713,0.0
N_1086,0.0
N_703,0.0
N_688,0.0
N_685,0.0
N_676,0.0
N_668,0.0
N_667,0.0
N_660,0.0
N_654,0.0
N_652,0.0
N_650,0.0
N_705,0.0
N_1060,0.0
N_1057,0.0
N_1039,0.0
N_1012,0.0
N_1000,0.0
N_994,0.0
N_988,0.0
N_982,0.0
N_981,0.0
N_871,0.0
N_955,0.0
N_946,0.0
N_943,0.0
ORF1ab_68,0.0
N_899,0.0
N_895,0.0
N_882,0.0
N_877,0.0
N_876,0.0
N_872,0.0
N_977,0.0
ORF7b_73,0.0
ORF7b_55,0.0
ORF7b_54,0.0
ORF7b_53,0.0
ORF7b_52,0.0
ORF7b_51,0.0
ORF7b_50,0.0
ORF7b_49,0.0
ORF7b_48,0.0
N_117,0.0
ORF7b_46,0.0
ORF7b_45,0.0
ORF7b_44,0.0
ORF7b_43,0.0
ORF7b_42,0.0
ORF7b_41,0.0
ORF7b_40,0.0
ORF7b_39,0.0
ORF7b_38,0.0
ORF7b_37,0.0
ORF7b_47,0.0
ORF8_80,0.0
ORF8_75,0.0
ORF8_72,0.0
ORF8_66,0.0
ORF8_56,0.0
ORF8_52,0.0
ORF8_51,0.0
ORF8_50,0.0
ORF8_48,0.0
ORF7b_115,0.0
ORF8_41,0.0
ORF8_40,0.0
ORF8_37,0.0
ORF8_33,0.0
ORF8_28,0.0
ORF8_1,0.0
ORF7b_129,0.0
ORF7b_127,0.0
ORF7b_125,0.0
ORF7b_120,0.0
ORF8_46,0.0
ORF7a_287,0.0
ORF7a_278,0.0
ORF7a_274,0.0
ORF7a_262,0.0
ORF7a_257,0.0
ORF7a_253,0.0
ORF7a_251,0.0
ORF7a_249,0.0
ORF7a_246,0.0
ORF7b_36,0.0
ORF7a_243,0.0
ORF7a_238,0.0
ORF7a_237,0.0
ORF7a_232,0.0
ORF7a_231,0.0
ORF7a_230,0.0
ORF7a_229,0.0
ORF7a_228,0.0
ORF7a_227,0.0
ORF7a_226,0.0
ORF7a_245,0.0
ORF7b_35,0.0
ORF7b_34,0.0
ORF7b_33,0.0
ORF7b_32,0.0
ORF7b_31,0.0
ORF7b_24,0.0
ORF7b_16,0.0
ORF7a_362,0.0
ORF7a_360,0.0
ORF7a_295,0.0
ORF7a_353,0.0
ORF7a_349,0.0
ORF7a_347,0.0
ORF7a_345,0.0
ORF7a_315,0.0
ORF7a_311,0.0
ORF7a_308,0.0
ORF7a_307,0.0
ORF7a_306,0.0
ORF7a_297,0.0
ORF7a_358,0.0
N_18,0.0
N_15,0.0
N_10,0.0
N_9,0.0
N_8,0.0
N_6,0.0
N_1,0.0
ORF8_363,0.0
ORF8_362,0.0
ORF8_95,0.0
ORF8_360,0.0
ORF8_359,0.0
ORF8_358,0.0
ORF8_357,0.0
ORF8_356,0.0
ORF8_353,0.0
ORF8_344,0.0
ORF8_340,0.0
ORF8_317,0.0
ORF8_315,0.0
ORF8_361,0.0
N_98,0.0
N_97,0.0
N_96,0.0
N_95,0.0
N_94,0.0
N_93,0.0
N_92,0.0
N_91,0.0
N_90,0.0
N_19,0.0
N_61,0.0
N_54,0.0
N_49,0.0
N_48,0.0
N_39,0.0
N_28,0.0
N_27,0.0
N_23,0.0
N_22,0.0
N_20,0.0
N_84,0.0
ORF8_200,0.0
ORF8_199,0.0
ORF8_198,0.0
ORF8_197,0.0
ORF8_195,0.0
ORF8_194,0.0
ORF8_187,0.0
ORF8_185,0.0
ORF8_183,0.0
ORF8_310,0.0
ORF8_177,0.0
ORF8_156,0.0
ORF8_153,0.0
ORF8_135,0.0
ORF8_134,0.0
ORF8_114,0.0
ORF8_111,0.0
ORF8_109,0.0
ORF8_108,0.0
ORF8_107,0.0
ORF8_179,0.0
ORF8_307,0.0
ORF8_306,0.0
ORF8_299,0.0
ORF8_286,0.0
ORF8_275,0.0
ORF8_261,0.0
ORF8_258,0.0
ORF8_254,0.0
ORF8_238,0.0
ORF8_201,0.0
ORF8_229,0.0
ORF8_223,0.0
ORF8_222,0.0
ORF8_219,0.0
ORF8_215,0.0
ORF8_214,0.0
ORF8_212,0.0
ORF8_207,0.0
ORF8_203,0.0
ORF8_202,0.0
ORF8_230,0.0
S_1543,0.0
S_1542,0.0
S_1541,0.0
S_1540,0.0
S_1539,0.0
S_1538,0.0
S_1537,0.0
S_1536,0.0
S_1535,0.0
ORF3a_22,0.0
S_1533,0.0
S_1532,0.0
S_1531,0.0
S_1526,0.0
S_1525,0.0
S_1523,0.0
S_1522,0.0
S_1521,0.0
S_1520,0.0
S_1519,0.0
S_1534,0.0
S_1564,0.0
S_1563,0.0
S_1562,0.0
S_1561,0.0
S_1560,0.0
S_1559,0.0
S_1558,0.0
S_1557,0.0
S_1556,0.0
S_1544,0.0
S_1554,0.0
S_1553,0.0
S_1552,0.0
S_1551,0.0
S_1550,0.0
S_1549,0.0
S_1548,0.0
S_1547,0.0
S_1546,0.0
S_1545,0.0
S_1555,0.0
S_1495,0.0
S_1494,0.0
S_1493,0.0
S_1492,0.0
S_1491,0.0
S_1490,0.0
S_1489,0.0
S_1488,0.0
S_1487,0.0
S_1518,0.0
S_1485,0.0
S_1484,0.0
S_1483,0.0
S_1482,0.0
S_1481,0.0
S_1480,0.0
S_1479,0.0
S_1478,0.0
S_1477,0.0
S_1476,0.0
S_1486,0.0
S_1517,0.0
S_1516,0.0
S_1515,0.0
S_1514,0.0
S_1513,0.0
S_1512,0.0
S_1511,0.0
S_1510,0.0
S_1509,0.0
S_1496,0.0
S_1507,0.0
S_1506,0.0
S_1505,0.0
S_1504,0.0
S_1502,0.0
S_1501,0.0
S_1500,0.0
S_1499,0.0
S_1498,0.0
S_1497,0.0
S_1508,0.0
S_2031,0.0
S_2030,0.0
S_2029,0.0
S_2028,0.0
S_2027,0.0
S_2026,0.0
S_2025,0.0
S_2024,0.0
S_2023,0.0
S_1565,0.0
S_2016,0.0
S_2014,0.0
S_1999,0.0
S_1984,0.0
S_1972,0.0
S_1964,0.0
S_1961,0.0
S_1946,0.0
S_1940,0.0
S_1920,0.0
S_2022,0.0
S_2105,0.0
S_2104,0.0
S_2102,0.0
S_2101,0.0
S_2100,0.0
S_2099,0.0
S_2098,0.0
S_2097,0.0
S_2096,0.0
S_2032,0.0
S_2078,0.0
S_2077,0.0
S_2064,0.0
S_2050,0.0
S_2047,0.0
S_2038,0.0
S_2036,0.0
S_2035,0.0
S_2034,0.0
S_2033,0.0
S_2083,0.0
S_1609,0.0
S_1594,0.0
S_1583,0.0
S_1582,0.0
S_1581,0.0
S_1580,0.0
S_1579,0.0
S_1578,0.0
S_1577,0.0
S_1916,0.0
S_1575,0.0
S_1574,0.0
S_1573,0.0
S_1572,0.0
S_1571,0.0
S_1570,0.0
S_1569,0.0
S_1568,0.0
S_1567,0.0
S_1566,0.0
S_1576,0.0
S_1915,0.0
S_1914,0.0
S_1913,0.0
S_1912,0.0
S_1868,0.0
S_1861,0.0
S_1842,0.0
S_1840,0.0
S_1823,0.0
S_1641,0.0
S_1810,0.0
S_1762,0.0
S_1756,0.0
S_1750,0.0
S_1721,0.0
S_1716,0.0
S_1710,0.0
S_1687,0.0
S_1675,0.0
S_1659,0.0
S_1819,0.0
S_1356,0.0
S_1355,0.0
S_1354,0.0
S_1353,0.0
S_1352,0.0
S_1351,0.0
S_1350,0.0
S_1349,0.0
S_1348,0.0
S_1475,0.0
S_1342,0.0
S_1341,0.0
S_1340,0.0
S_1339,0.0
S_1337,0.0
S_1336,0.0
S_1335,0.0
S_1334,0.0
S_1333,0.0
S_1332,0.0
S_1347,0.0
S_1380,0.0
S_1379,0.0
S_1378,0.0
S_1377,0.0
S_1376,0.0
S_1375,0.0
S_1374,0.0
S_1373,0.0
S_1372,0.0
S_1357,0.0
S_1370,0.0
S_1369,0.0
S_1368,0.0
S_1367,0.0
S_1366,0.0
S_1365,0.0
S_1364,0.0
S_1363,0.0
S_1359,0.0
S_1358,0.0
S_1371,0.0
S_1231,0.0
S_1225,0.0
S_1214,0.0
S_1186,0.0
S_1177,0.0
S_1147,0.0
S_1144,0.0
S_1127,0.0
ORF1ab_17582,0.0
S_1331,0.0
S_1118,0.0
S_1113,0.0
S_1112,0.0
S_1069,0.0
S_1067,0.0
S_1066,0.0
S_1043,0.0
S_1038,0.0
S_1036,0.0
S_1006,0.0
S_1125,0.0
S_1330,0.0
S_1329,0.0
S_1328,0.0
S_1327,0.0
S_1326,0.0
S_1325,0.0
S_1324,0.0
S_1323,0.0
S_1322,0.0
S_1240,0.0
S_1320,0.0
S_1319,0.0
S_1318,0.0
S_1317,0.0
S_1297,0.0
S_1294,0.0
S_1282,0.0
S_1280,0.0
S_1252,0.0
S_1251,0.0
S_1321,0.0
S_1453,0.0
S_1452,0.0
S_1450,0.0
S_1449,0.0
S_1448,0.0
S_1446,0.0
S_1445,0.0
S_1437,0.0
S_1436,0.0
S_1381,0.0
S_1433,0.0
S_1432,0.0
S_1431,0.0
S_1430,0.0
S_1429,0.0
S_1428,0.0
S_1427,0.0
S_1426,0.0
S_1425,0.0
S_1424,0.0
S_1435,0.0
S_1474,0.0
S_1473,0.0
S_1472,0.0
S_1471,0.0
S_1470,0.0
S_1469,0.0
S_1468,0.0
S_1467,0.0
S_1466,0.0
S_1454,0.0
S_1464,0.0
S_1463,0.0
S_1462,0.0
S_1461,0.0
S_1460,0.0
S_1459,0.0
S_1458,0.0
S_1457,0.0
S_1456,0.0
S_1455,0.0
S_1465,0.0
S_1401,0.0
S_1400,0.0
S_1399,0.0
S_1398,0.0
S_1397,0.0
S_1396,0.0
S_1395,0.0
S_1394,0.0
S_1393,0.0
S_1423,0.0
S_1391,0.0
S_1390,0.0
S_1389,0.0
S_1388,0.0
S_1387,0.0
S_1386,0.0
S_1385,0.0
S_1384,0.0
S_1383,0.0
S_1382,0.0
S_1392,0.0
S_1422,0.0
S_1421,0.0
S_1420,0.0
S_1419,0.0
S_1418,0.0
S_1417,0.0
S_1416,0.0
S_1415,0.0
S_1414,0.0
S_1402,0.0
S_1412,0.0
S_1411,0.0
S_1410,0.0
S_1409,0.0
S_1408,0.0
S_1407,0.0
S_1406,0.0
S_1405,0.0
S_1404,0.0
S_1403,0.0
S_1413,0.0
S_2942,0.0
S_2908,0.0
S_2892,0.0
S_2884,0.0
S_2883,0.0
S_2875,0.0
S_2863,0.0
S_2855,0.0
S_2854,0.0
S_2106,0.0
S_2852,0.0
S_2851,0.0
S_2850,0.0
S_2849,0.0
S_2848,0.0
S_2847,0.0
S_2846,0.0
S_2845,0.0
S_2844,0.0
S_2843,0.0
S_2853,0.0
S_3062,0.0
S_3061,0.0
S_3060,0.0
S_3059,0.0
S_3058,0.0
S_3057,0.0
S_3056,0.0
S_3055,0.0
S_3054,0.0
S_2945,0.0
S_3052,0.0
S_3051,0.0
S_3050,0.0
S_3049,0.0
S_3048,0.0
S_3047,0.0
S_3046,0.0
S_3045,0.0
S_3004,0.0
S_2974,0.0
S_3053,0.0
S_2636,0.0
S_2632,0.0
S_2620,0.0
S_2612,0.0
S_2608,0.0
S_2607,0.0
S_2606,0.0
S_2605,0.0
S_2604,0.0
S_2842,0.0
S_2602,0.0
S_2601,0.0
S_2600,0.0
S_2599,0.0
S_2598,0.0
S_2597,0.0
S_2596,0.0
S_2595,0.0
S_2594,0.0
S_2593,0.0
S_2603,0.0
S_2841,0.0
S_2840,0.0
S_2839,0.0
S_2838,0.0
S_2837,0.0
S_2836,0.0
S_2835,0.0
S_2834,0.0
S_2833,0.0
S_2647,0.0
S_2831,0.0
S_2820,0.0
S_2817,0.0
S_2813,0.0
S_2788,0.0
S_2776,0.0
S_2770,0.0
S_2740,0.0
S_2676,0.0
S_2649,0.0
S_2832,0.0
S_3603,0.0
S_3596,0.0
S_3574,0.0
S_3565,0.0
S_3556,0.0
S_3535,0.0
S_3486,0.0
S_3485,0.0
S_3439,0.0
S_3063,0.0
S_3437,0.0
S_3434,0.0
S_3424,0.0
S_3412,0.0
S_3380,0.0
S_3372,0.0
S_3371,0.0
S_3367,0.0
S_3361,0.0
S_3353,0.0
S_3438,0.0
S_3817,0.0
S_3793,0.0
S_3791,0.0
S_3789,0.0
S_3783,0.0
S_3778,0.0
S_3772,0.0
S_3754,0.0
S_3750,0.0
S_3605,0.0
S_3715,0.0
S_3712,0.0
S_3683,0.0
S_3667,0.0
S_3657,0.0
S_3656,0.0
S_3646,0.0
S_3619,0.0
S_3616,0.0
S_3608,0.0
S_3721,0.0
S_3085,0.0
S_3084,0.0
S_3083,0.0
S_3082,0.0
S_3081,0.0
S_3080,0.0
S_3079,0.0
S_3078,0.0
S_3077,0.0
S_3349,0.0
S_3075,0.0
S_3074,0.0
S_3073,0.0
S_3072,0.0
S_3069,0.0
S_3068,0.0
S_3067,0.0
S_3066,0.0
S_3065,0.0
S_3064,0.0
S_3076,0.0
S_3343,0.0
S_3342,0.0
S_3341,0.0
S_3336,0.0
S_3333,0.0
S_3322,0.0
S_3313,0.0
S_3311,0.0
S_3306,0.0
S_3111,0.0
S_3302,0.0
S_3255,0.0
S_3244,0.0
S_3233,0.0
S_3220,0.0
S_3209,0.0
S_3196,0.0
S_3184,0.0
S_3166,0.0
S_3112,0.0
S_3304,0.0
S_2462,0.0
S_2461,0.0
S_2426,0.0
S_2393,0.0
S_2392,0.0
S_2391,0.0
S_2390,0.0
S_2389,0.0
S_2388,0.0
S_2592,0.0
S_2386,0.0
S_2385,0.0
S_2384,0.0
S_2383,0.0
S_2371,0.0
S_2370,0.0
S_2369,0.0
S_2368,0.0
S_2367,0.0
S_2366,0.0
S_2387,0.0
S_2496,0.0
S_2495,0.0
S_2494,0.0
S_2493,0.0
S_2492,0.0
S_2491,0.0
S_2490,0.0
S_2489,0.0
S_2488,0.0
S_2463,0.0
S_2486,0.0
S_2485,0.0
S_2484,0.0
S_2470,0.0
S_2469,0.0
S_2468,0.0
S_2467,0.0
S_2466,0.0
S_2465,0.0
S_2464,0.0
S_2487,0.0
S_2140,0.0
S_2129,0.0
S_2127,0.0
S_2123,0.0
S_2122,0.0
S_2121,0.0
S_2120,0.0
S_2119,0.0
S_2118,0.0
S_2365,0.0
S_2116,0.0
S_2115,0.0
S_2114,0.0
S_2113,0.0
S_2112,0.0
S_2111,0.0
S_2110,0.0
S_2109,0.0
S_2108,0.0
S_2107,0.0
S_2117,0.0
S_2364,0.0
S_2363,0.0
S_2362,0.0
S_2360,0.0
S_2356,0.0
S_2355,0.0
S_2317,0.0
S_2307,0.0
S_2293,0.0
S_2148,0.0
S_2275,0.0
S_2274,0.0
S_2254,0.0
S_2203,0.0
S_2197,0.0
S_2195,0.0
S_2194,0.0
S_2191,0.0
S_2173,0.0
S_2157,0.0
S_2281,0.0
S_2570,0.0
S_2569,0.0
S_2568,0.0
S_2567,0.0
S_2566,0.0
S_2565,0.0
S_2564,0.0
S_2563,0.0
S_2562,0.0
S_2497,0.0
S_2560,0.0
S_2559,0.0
S_2558,0.0
S_2557,0.0
S_2556,0.0
S_2555,0.0
S_2554,0.0
S_2553,0.0
S_2552,0.0
S_2551,0.0
S_2561,0.0
S_2591,0.0
S_2590,0.0
S_2589,0.0
S_2588,0.0
S_2587,0.0
S_2586,0.0
S_2585,0.0
S_2584,0.0
S_2583,0.0
S_2571,0.0
S_2581,0.0
S_2580,0.0
S_2579,0.0
S_2578,0.0
S_2577,0.0
S_2576,0.0
S_2575,0.0
S_2574,0.0
S_2573,0.0
S_2572,0.0
S_2582,0.0
S_2525,0.0
S_2524,0.0
S_2523,0.0
S_2522,0.0
S_2521,0.0
S_2520,0.0
S_2519,0.0
S_2518,0.0
S_2517,0.0
S_2550,0.0
S_2515,0.0
S_2509,0.0
S_2505,0.0
S_2504,0.0
S_2503,0.0
S_2502,0.0
S_2501,0.0
S_2500,0.0
S_2499,0.0
S_2498,0.0
S_2516,0.0
S_2549,0.0
S_2548,0.0
S_2547,0.0
S_2546,0.0
S_2545,0.0
S_2544,0.0
S_2543,0.0
S_2542,0.0
S_2541,0.0
S_2526,0.0
S_2539,0.0
S_2538,0.0
S_2537,0.0
S_2536,0.0
S_2535,0.0
S_2534,0.0
S_2533,0.0
S_2532,0.0
S_2531,0.0
S_2530,0.0
S_2540,0.0
ORF1ab_4322,0.0
ORF1ab_4318,0.0
ORF1ab_4315,0.0
ORF1ab_4311,0.0
ORF1ab_4287,0.0
ORF1ab_4279,0.0
ORF1ab_4276,0.0
ORF1ab_4240,0.0
ORF1ab_4212,0.0
ORF1ab_17574,0.0
ORF1ab_4180,0.0
ORF1ab_4159,0.0
ORF1ab_4157,0.0
ORF1ab_4135,0.0
ORF1ab_4128,0.0
ORF1ab_4096,0.0
ORF1ab_4081,0.0
ORF1ab_4067,0.0
ORF1ab_4057,0.0
ORF1ab_4056,0.0
ORF1ab_4188,0.0
ORF1ab_4636,0.0
ORF1ab_4629,0.0
ORF1ab_4627,0.0
ORF1ab_4626,0.0
ORF1ab_4612,0.0
ORF1ab_4591,0.0
ORF1ab_4568,0.0
ORF1ab_4551,0.0
ORF1ab_4531,0.0
ORF1ab_4369,0.0
ORF1ab_4520,0.0
ORF1ab_4499,0.0
ORF1ab_4468,0.0
ORF1ab_4429,0.0
ORF1ab_4422,0.0
ORF1ab_4419,0.0
ORF1ab_4417,0.0
ORF1ab_4402,0.0
ORF1ab_4395,0.0
ORF1ab_4383,0.0
ORF1ab_4530,0.0
ORF1ab_3818,0.0
ORF1ab_3809,0.0
ORF1ab_3793,0.0
ORF1ab_3741,0.0
ORF1ab_3726,0.0
ORF1ab_3702,0.0
ORF1ab_3685,0.0
ORF1ab_3684,0.0
ORF1ab_3682,0.0
ORF1ab_4036,0.0
ORF1ab_3660,0.0
ORF1ab_3651,0.0
ORF1ab_3639,0.0
ORF1ab_3638,0.0
ORF1ab_3632,0.0
ORF1ab_3620,0.0
ORF1ab_3610,0.0
ORF1ab_3607,0.0
ORF1ab_3580,0.0
ORF1ab_3565,0.0
ORF1ab_3670,0.0
ORF1ab_4018,0.0
ORF1ab_4012,0.0
ORF1ab_4003,0.0
ORF1ab_3967,0.0
ORF1ab_3962,0.0
ORF1ab_3950,0.0
ORF1ab_3949,0.0
ORF1ab_3942,0.0
ORF1ab_3937,0.0
ORF1ab_3820,0.0
ORF1ab_3919,0.0
ORF1ab_3917,0.0
ORF1ab_3902,0.0
ORF1ab_3898,0.0
ORF1ab_3896,0.0
ORF1ab_3894,0.0
ORF1ab_3884,0.0
ORF1ab_3872,0.0
ORF1ab_3835,0.0
ORF1ab_3826,0.0
ORF1ab_3920,0.0
ORF1ab_5377,0.0
ORF1ab_5365,0.0
ORF1ab_5364,0.0
ORF1ab_5358,0.0
ORF1ab_5320,0.0
ORF1ab_5311,0.0
ORF1ab_5308,0.0
ORF1ab_5306,0.0
ORF1ab_5288,0.0
ORF1ab_4640,0.0
ORF1ab_5254,0.0
ORF1ab_5251,0.0
ORF1ab_5250,0.0
ORF1ab_5248,0.0
ORF1ab_5233,0.0
ORF1ab_5201,0.0
ORF1ab_5174,0.0
ORF1ab_5173,0.0
ORF1ab_5146,0.0
ORF1ab_5124,0.0
ORF1ab_5262,0.0
ORF1ab_5567,0.0
ORF1ab_5566,0.0
ORF1ab_5565,0.0
ORF1ab_5564,0.0
ORF1ab_5563,0.0
ORF1ab_5562,0.0
ORF1ab_5561,0.0
ORF1ab_5560,0.0
ORF1ab_5559,0.0
ORF1ab_5390,0.0
ORF1ab_5555,0.0
ORF1ab_5551,0.0
ORF1ab_5548,0.0
ORF1ab_5540,0.0
ORF1ab_5516,0.0
ORF1ab_5484,0.0
ORF1ab_5466,0.0
ORF1ab_5460,0.0
ORF1ab_5444,0.0
ORF1ab_5440,0.0
ORF1ab_5558,0.0
ORF1ab_4883,0.0
ORF1ab_4876,0.0
ORF1ab_4847,0.0
ORF1ab_4843,0.0
ORF1ab_4838,0.0
ORF1ab_4807,0.0
ORF1ab_4799,0.0
ORF1ab_4788,0.0
ORF1ab_4787,0.0
ORF1ab_5122,0.0
ORF1ab_4776,0.0
ORF1ab_4767,0.0
ORF1ab_4759,0.0
ORF1ab_4756,0.0
ORF1ab_4748,0.0
ORF1ab_4747,0.0
ORF1ab_4735,0.0
ORF1ab_4720,0.0
ORF1ab_4700,0.0
ORF1ab_4696,0.0
ORF1ab_4777,0.0
ORF1ab_5101,0.0
ORF1ab_5075,0.0
ORF1ab_5074,0.0
ORF1ab_5046,0.0
ORF1ab_5037,0.0
ORF1ab_5014,0.0
ORF1ab_5010,0.0
ORF1ab_5002,0.0
ORF1ab_4995,0.0
ORF1ab_4886,0.0
ORF1ab_4975,0.0
ORF1ab_4957,0.0
ORF1ab_4942,0.0
ORF1ab_4939,0.0
ORF1ab_4930,0.0
ORF1ab_4928,0.0
ORF1ab_4920,0.0
ORF1ab_4919,0.0
ORF1ab_4911,0.0
ORF1ab_4900,0.0
ORF1ab_4994,0.0
ORF1ab_3388,0.0
ORF1ab_3387,0.0
ORF1ab_3386,0.0
ORF1ab_3385,0.0
ORF1ab_3384,0.0
ORF1ab_3383,0.0
ORF1ab_3380,0.0
ORF1ab_3379,0.0
ORF1ab_3378,0.0
ORF1ab_3553,0.0
ORF1ab_3373,0.0
ORF1ab_3372,0.0
ORF1ab_3371,0.0
ORF1ab_3355,0.0
ORF1ab_3340,0.0
ORF1ab_3338,0.0
ORF1ab_3323,0.0
ORF1ab_3307,0.0
ORF1ab_3288,0.0
ORF1ab_3279,0.0
ORF1ab_3374,0.0
ORF1ab_3425,0.0
ORF1ab_3424,0.0
ORF1ab_3419,0.0
ORF1ab_3418,0.0
ORF1ab_3417,0.0
ORF1ab_3416,0.0
ORF1ab_3412,0.0
ORF1ab_3402,0.0
ORF1ab_3401,0.0
ORF1ab_3389,0.0
ORF1ab_3399,0.0
ORF1ab_3398,0.0
ORF1ab_3397,0.0
ORF1ab_3396,0.0
ORF1ab_3395,0.0
ORF1ab_3394,0.0
ORF1ab_3393,0.0
ORF1ab_3392,0.0
ORF1ab_3391,0.0
ORF1ab_3390,0.0
ORF1ab_3400,0.0
ORF1ab_3038,0.0
ORF1ab_3030,0.0
ORF1ab_3017,0.0
ORF1ab_3003,0.0
ORF1ab_2998,0.0
ORF1ab_2995,0.0
ORF1ab_2987,0.0
ORF1ab_2979,0.0
ORF1ab_2973,0.0
ORF1ab_3273,0.0
ORF1ab_2941,0.0
ORF1ab_2932,0.0
ORF1ab_2913,0.0
ORF1ab_2904,0.0
ORF1ab_2901,0.0
ORF1ab_2897,0.0
ORF1ab_2876,0.0
ORF1ab_2853,0.0
ORF1ab_2832,0.0
ORF1ab_2830,0.0
ORF1ab_2967,0.0
ORF1ab_3268,0.0
ORF1ab_3259,0.0
ORF1ab_3234,0.0
ORF1ab_3232,0.0
ORF1ab_3229,0.0
ORF1ab_3228,0.0
ORF1ab_3222,0.0
ORF1ab_3219,0.0
ORF1ab_3211,0.0
ORF1ab_3076,0.0
ORF1ab_3162,0.0
ORF1ab_3157,0.0
ORF1ab_3147,0.0
ORF1ab_3133,0.0
ORF1ab_3084,0.0
ORF1ab_3083,0.0
ORF1ab_3082,0.0
ORF1ab_3081,0.0
ORF1ab_3080,0.0
ORF1ab_3079,0.0
ORF1ab_3190,0.0
ORF1ab_3511,0.0
ORF1ab_3510,0.0
ORF1ab_3509,0.0
ORF1ab_3508,0.0
ORF1ab_3507,0.0
ORF1ab_3506,0.0
ORF1ab_3505,0.0
ORF1ab_3504,0.0
ORF1ab_3503,0.0
ORF1ab_3426,0.0
ORF1ab_3501,0.0
ORF1ab_3500,0.0
ORF1ab_3499,0.0
ORF1ab_3498,0.0
ORF1ab_3497,0.0
ORF1ab_3496,0.0
ORF1ab_3495,0.0
ORF1ab_3494,0.0
ORF1ab_3493,0.0
ORF1ab_3492,0.0
ORF1ab_3502,0.0
ORF1ab_3532,0.0
ORF1ab_3531,0.0
ORF1ab_3530,0.0
ORF1ab_3529,0.0
ORF1ab_3528,0.0
ORF1ab_3527,0.0
ORF1ab_3526,0.0
ORF1ab_3525,0.0
ORF1ab_3524,0.0
ORF1ab_3512,0.0
ORF1ab_3522,0.0
ORF1ab_3521,0.0
ORF1ab_3520,0.0
ORF1ab_3519,0.0
ORF1ab_3518,0.0
ORF1ab_3517,0.0
ORF1ab_3516,0.0
ORF1ab_3515,0.0
ORF1ab_3514,0.0
ORF1ab_3513,0.0
ORF1ab_3523,0.0
ORF1ab_3458,0.0
ORF1ab_3453,0.0
ORF1ab_3452,0.0
ORF1ab_3451,0.0
ORF1ab_3450,0.0
ORF1ab_3449,0.0
ORF1ab_3448,0.0
ORF1ab_3447,0.0
ORF1ab_3446,0.0
ORF1ab_3491,0.0
ORF1ab_3444,0.0
ORF1ab_3443,0.0
ORF1ab_3442,0.0
ORF1ab_3441,0.0
ORF1ab_3440,0.0
ORF1ab_3439,0.0
ORF1ab_3438,0.0
ORF1ab_3431,0.0
ORF1ab_3428,0.0
ORF1ab_3427,0.0
ORF1ab_3445,0.0
ORF1ab_3490,0.0
ORF1ab_3489,0.0
ORF1ab_3488,0.0
ORF1ab_3487,0.0
ORF1ab_3486,0.0
ORF1ab_3485,0.0
ORF1ab_3484,0.0
ORF1ab_3483,0.0
ORF1ab_3482,0.0
ORF1ab_3459,0.0
ORF1ab_3480,0.0
ORF1ab_3479,0.0
ORF1ab_3478,0.0
ORF1ab_3477,0.0
ORF1ab_3476,0.0
ORF1ab_3475,0.0
ORF1ab_3474,0.0
ORF1ab_3473,0.0
ORF1ab_3465,0.0
ORF1ab_3460,0.0
ORF1ab_3481,0.0
ORF1ab_6111,0.0
ORF1ab_6104,0.0
ORF1ab_6098,0.0
ORF1ab_6088,0.0
ORF1ab_6077,0.0
ORF1ab_6076,0.0
ORF1ab_6075,0.0
ORF1ab_6074,0.0
ORF1ab_6073,0.0
ORF1ab_5568,0.0
ORF1ab_6071,0.0
ORF1ab_6070,0.0
ORF1ab_6069,0.0
ORF1ab_6068,0.0
ORF1ab_6067,0.0
ORF1ab_6066,0.0
ORF1ab_6065,0.0
ORF1ab_6064,0.0
ORF1ab_6063,0.0
ORF1ab_6062,0.0
ORF1ab_6072,0.0
ORF1ab_6261,0.0
ORF1ab_6257,0.0
ORF1ab_6251,0.0
ORF1ab_6250,0.0
ORF1ab_6249,0.0
ORF1ab_6237,0.0
ORF1ab_6219,0.0
ORF1ab_6197,0.0
ORF1ab_6195,0.0
ORF1ab_6114,0.0
ORF1ab_6182,0.0
ORF1ab_6177,0.0
ORF1ab_6169,0.0
ORF1ab_6165,0.0
ORF1ab_6164,0.0
ORF1ab_6157,0.0
ORF1ab_6142,0.0
ORF1ab_6138,0.0
ORF1ab_6130,0.0
ORF1ab_6127,0.0
ORF1ab_6185,0.0
ORF1ab_5934,0.0
ORF1ab_5932,0.0
ORF1ab_5919,0.0
ORF1ab_5911,0.0
ORF1ab_5910,0.0
ORF1ab_5909,0.0
ORF1ab_5908,0.0
ORF1ab_5907,0.0
ORF1ab_5906,0.0
ORF1ab_6061,0.0
ORF1ab_5904,0.0
ORF1ab_5903,0.0
ORF1ab_5902,0.0
ORF1ab_5901,0.0
ORF1ab_5900,0.0
ORF1ab_5899,0.0
ORF1ab_5898,0.0
ORF1ab_5897,0.0
ORF1ab_5896,0.0
ORF1ab_5895,0.0
ORF1ab_5905,0.0
ORF1ab_6060,0.0
ORF1ab_6059,0.0
ORF1ab_6058,0.0
ORF1ab_6057,0.0
ORF1ab_6056,0.0
ORF1ab_6055,0.0
ORF1ab_6054,0.0
ORF1ab_6053,0.0
ORF1ab_6052,0.0
ORF1ab_5959,0.0
ORF1ab_6050,0.0
ORF1ab_6049,0.0
ORF1ab_6048,0.0
ORF1ab_6047,0.0
ORF1ab_6046,0.0
ORF1ab_6045,0.0
ORF1ab_6022,0.0
ORF1ab_6021,0.0
ORF1ab_6004,0.0
ORF1ab_5965,0.0
ORF1ab_6051,0.0
ORF1ab_6718,0.0
ORF1ab_6713,0.0
ORF1ab_6690,0.0
ORF1ab_6684,0.0
ORF1ab_6673,0.0
ORF1ab_6672,0.0
ORF1ab_6658,0.0
ORF1ab_6637,0.0
ORF1ab_6632,0.0
ORF1ab_6266,0.0
ORF1ab_6624,0.0
ORF1ab_6620,0.0
ORF1ab_6604,0.0
ORF1ab_6561,0.0
ORF1ab_6549,0.0
ORF1ab_6543,0.0
ORF1ab_6542,0.0
ORF1ab_6472,0.0
ORF1ab_6445,0.0
ORF1ab_6442,0.0
ORF1ab_6626,0.0
ORF1ab_6843,0.0
ORF1ab_6842,0.0
ORF1ab_6841,0.0
ORF1ab_6840,0.0
ORF1ab_6839,0.0
ORF1ab_6838,0.0
ORF1ab_6837,0.0
ORF1ab_6836,0.0
ORF1ab_6835,0.0
ORF1ab_6726,0.0
ORF1ab_6833,0.0
ORF1ab_6832,0.0
ORF1ab_6831,0.0
ORF1ab_6830,0.0
ORF1ab_6829,0.0
ORF1ab_6822,0.0
ORF1ab_6792,0.0
ORF1ab_6778,0.0
ORF1ab_6755,0.0
ORF1ab_6742,0.0
ORF1ab_6834,0.0
ORF1ab_6397,0.0
ORF1ab_6396,0.0
ORF1ab_6395,0.0
ORF1ab_6394,0.0
ORF1ab_6393,0.0
ORF1ab_6392,0.0
ORF1ab_6391,0.0
ORF1ab_6390,0.0
ORF1ab_6383,0.0
ORF1ab_6441,0.0
ORF1ab_6372,0.0
ORF1ab_6333,0.0
ORF1ab_6312,0.0
ORF1ab_6309,0.0
ORF1ab_6304,0.0
ORF1ab_6279,0.0
ORF1ab_6277,0.0
ORF1ab_6276,0.0
ORF1ab_6275,0.0
ORF1ab_6272,0.0
ORF1ab_6376,0.0
ORF1ab_6437,0.0
ORF1ab_6419,0.0
ORF1ab_6417,0.0
ORF1ab_6415,0.0
ORF1ab_6414,0.0
ORF1ab_6413,0.0
ORF1ab_6412,0.0
ORF1ab_6411,0.0
ORF1ab_6410,0.0
ORF1ab_6398,0.0
ORF1ab_6408,0.0
ORF1ab_6407,0.0
ORF1ab_6406,0.0
ORF1ab_6405,0.0
ORF1ab_6404,0.0
ORF1ab_6403,0.0
ORF1ab_6402,0.0
ORF1ab_6401,0.0
ORF1ab_6400,0.0
ORF1ab_6399,0.0
ORF1ab_6409,0.0
ORF1ab_5700,0.0
ORF1ab_5699,0.0
ORF1ab_5698,0.0
ORF1ab_5697,0.0
ORF1ab_5696,0.0
ORF1ab_5695,0.0
ORF1ab_5694,0.0
ORF1ab_5693,0.0
ORF1ab_5692,0.0
ORF1ab_5894,0.0
ORF1ab_5690,0.0
ORF1ab_5689,0.0
ORF1ab_5688,0.0
ORF1ab_5687,0.0
ORF1ab_5686,0.0
ORF1ab_5685,0.0
ORF1ab_5684,0.0
ORF1ab_5683,0.0
ORF1ab_5682,0.0
ORF1ab_5681,0.0
ORF1ab_5691,0.0
ORF1ab_5721,0.0
ORF1ab_5720,0.0
ORF1ab_5719,0.0
ORF1ab_5718,0.0
ORF1ab_5717,0.0
ORF1ab_5716,0.0
ORF1ab_5715,0.0
ORF1ab_5714,0.0
ORF1ab_5713,0.0
ORF1ab_5701,0.0
ORF1ab_5711,0.0
ORF1ab_5710,0.0
ORF1ab_5709,0.0
ORF1ab_5708,0.0
ORF1ab_5707,0.0
ORF1ab_5706,0.0
ORF1ab_5705,0.0
ORF1ab_5704,0.0
ORF1ab_5703,0.0
ORF1ab_5702,0.0
ORF1ab_5712,0.0
ORF1ab_5588,0.0
ORF1ab_5587,0.0
ORF1ab_5586,0.0
ORF1ab_5585,0.0
ORF1ab_5584,0.0
ORF1ab_5583,0.0
ORF1ab_5582,0.0
ORF1ab_5581,0.0
ORF1ab_5580,0.0
ORF1ab_5680,0.0
ORF1ab_5578,0.0
ORF1ab_5577,0.0
ORF1ab_5576,0.0
ORF1ab_5575,0.0
ORF1ab_5574,0.0
ORF1ab_5573,0.0
ORF1ab_5572,0.0
ORF1ab_5571,0.0
ORF1ab_5570,0.0
ORF1ab_5569,0.0
ORF1ab_5579,0.0
ORF1ab_5679,0.0
ORF1ab_5678,0.0
ORF1ab_5677,0.0
ORF1ab_5676,0.0
ORF1ab_5675,0.0
ORF1ab_5674,0.0
ORF1ab_5673,0.0
ORF1ab_5672,0.0
ORF1ab_5671,0.0
ORF1ab_5589,0.0
ORF1ab_5660,0.0
ORF1ab_5620,0.0
ORF1ab_5605,0.0
ORF1ab_5596,0.0
ORF1ab_5595,0.0
ORF1ab_5594,0.0
ORF1ab_5593,0.0
ORF1ab_5592,0.0
ORF1ab_5591,0.0
ORF1ab_5590,0.0
ORF1ab_5670,0.0
ORF1ab_5872,0.0
ORF1ab_5871,0.0
ORF1ab_5870,0.0
ORF1ab_5869,0.0
ORF1ab_5868,0.0
ORF1ab_5867,0.0
ORF1ab_5866,0.0
ORF1ab_5865,0.0
ORF1ab_5864,0.0
ORF1ab_5722,0.0
ORF1ab_5862,0.0
ORF1ab_5861,0.0
ORF1ab_5860,0.0
ORF1ab_5859,0.0
ORF1ab_5858,0.0
ORF1ab_5857,0.0
ORF1ab_5856,0.0
ORF1ab_5855,0.0
ORF1ab_5854,0.0
ORF1ab_5853,0.0
ORF1ab_5863,0.0
ORF1ab_5893,0.0
ORF1ab_5892,0.0
ORF1ab_5891,0.0
ORF1ab_5890,0.0
ORF1ab_5889,0.0
ORF1ab_5888,0.0
ORF1ab_5887,0.0
ORF1ab_5886,0.0
ORF1ab_5885,0.0
ORF1ab_5873,0.0
ORF1ab_5883,0.0
ORF1ab_5882,0.0
ORF1ab_5881,0.0
ORF1ab_5880,0.0
ORF1ab_5879,0.0
ORF1ab_5878,0.0
ORF1ab_5877,0.0
ORF1ab_5876,0.0
ORF1ab_5875,0.0
ORF1ab_5874,0.0
ORF1ab_5884,0.0
ORF1ab_5799,0.0
ORF1ab_5776,0.0
ORF1ab_5769,0.0
ORF1ab_5767,0.0
ORF1ab_5763,0.0
ORF1ab_5759,0.0
ORF1ab_5752,0.0
ORF1ab_5748,0.0
ORF1ab_5744,0.0
ORF1ab_5852,0.0
ORF1ab_5732,0.0
ORF1ab_5731,0.0
ORF1ab_5730,0.0
ORF1ab_5729,0.0
ORF1ab_5728,0.0
ORF1ab_5727,0.0
ORF1ab_5726,0.0
ORF1ab_5725,0.0
ORF1ab_5724,0.0
ORF1ab_5723,0.0
ORF1ab_5735,0.0
ORF1ab_5851,0.0
ORF1ab_5850,0.0
ORF1ab_5849,0.0
ORF1ab_5848,0.0
ORF1ab_5847,0.0
ORF1ab_5846,0.0
ORF1ab_5845,0.0
ORF1ab_5844,0.0
ORF1ab_5843,0.0
ORF1ab_5842,0.0
ORF1ab_5809,0.0
ORF1ab_5840,0.0
ORF1ab_5839,0.0
ORF1ab_5838,0.0
ORF1ab_5837,0.0
ORF1ab_5828,0.0
ORF1ab_5820,0.0
ORF1ab_5817,0.0
ORF1ab_5816,0.0
ORF1ab_5814,0.0
ORF1ab_5813,0.0
ORF1ab_5841,0.0
ORF1ab_1728,0.0
ORF1ab_1727,0.0
ORF1ab_1726,0.0
ORF1ab_1725,0.0
ORF1ab_1724,0.0
ORF1ab_1723,0.0
ORF1ab_1722,0.0
ORF1ab_1721,0.0
ORF1ab_1720,0.0
ORF1ab_2788,0.0
ORF1ab_1716,0.0
ORF1ab_1715,0.0
ORF1ab_1714,0.0
ORF1ab_1713,0.0
ORF1ab_1712,0.0
ORF1ab_1711,0.0
ORF1ab_1710,0.0
ORF1ab_1709,0.0
ORF1ab_1708,0.0
ORF1ab_1707,0.0
ORF1ab_1717,0.0
ORF1ab_1750,0.0
ORF1ab_1749,0.0
ORF1ab_1747,0.0
ORF1ab_1746,0.0
ORF1ab_1745,0.0
ORF1ab_1744,0.0
ORF1ab_1743,0.0
ORF1ab_1742,0.0
ORF1ab_1741,0.0
ORF1ab_1729,0.0
ORF1ab_1739,0.0
ORF1ab_1738,0.0
ORF1ab_1737,0.0
ORF1ab_1736,0.0
ORF1ab_1735,0.0
ORF1ab_1734,0.0
ORF1ab_1733,0.0
ORF1ab_1732,0.0
ORF1ab_1731,0.0
ORF1ab_1730,0.0
ORF1ab_1740,0.0
ORF1ab_1619,0.0
ORF1ab_1610,0.0
ORF1ab_1605,0.0
ORF1ab_1598,0.0
ORF1ab_1589,0.0
ORF1ab_1584,0.0
ORF1ab_1579,0.0
ORF1ab_1556,0.0
ORF1ab_1555,0.0
ORF1ab_1706,0.0
ORF1ab_1552,0.0
ORF1ab_1550,0.0
ORF1ab_1549,0.0
ORF1ab_1546,0.0
ORF1ab_1534,0.0
ORF1ab_1494,0.0
ORF1ab_1478,0.0
ORF1ab_1474,0.0
ORF1ab_1465,0.0
ORF1ab_1463,0.0
ORF1ab_1554,0.0
ORF1ab_1705,0.0
ORF1ab_1704,0.0
ORF1ab_1703,0.0
ORF1ab_1702,0.0
ORF1ab_1701,0.0
ORF1ab_1700,0.0
ORF1ab_1699,0.0
ORF1ab_1698,0.0
ORF1ab_1697,0.0
ORF1ab_1620,0.0
ORF1ab_1693,0.0
ORF1ab_1692,0.0
ORF1ab_1663,0.0
ORF1ab_1660,0.0
ORF1ab_1657,0.0
ORF1ab_1651,0.0
ORF1ab_1648,0.0
ORF1ab_1647,0.0
ORF1ab_1645,0.0
ORF1ab_1625,0.0
ORF1ab_1696,0.0
ORF1ab_1847,0.0
ORF1ab_1846,0.0
ORF1ab_1831,0.0
ORF1ab_1830,0.0
ORF1ab_1827,0.0
ORF1ab_1822,0.0
ORF1ab_1818,0.0
ORF1ab_1817,0.0
ORF1ab_1816,0.0
ORF1ab_1751,0.0
ORF1ab_1813,0.0
ORF1ab_1811,0.0
ORF1ab_1810,0.0
ORF1ab_1808,0.0
ORF1ab_1807,0.0
ORF1ab_1806,0.0
ORF1ab_1803,0.0
ORF1ab_1802,0.0
ORF1ab_1801,0.0
ORF1ab_1799,0.0
ORF1ab_1814,0.0
ORF1ab_1877,0.0
ORF1ab_1876,0.0
ORF1ab_1875,0.0
ORF1ab_1874,0.0
ORF1ab_1873,0.0
ORF1ab_1872,0.0
ORF1ab_1871,0.0
ORF1ab_1870,0.0
ORF1ab_1869,0.0
ORF1ab_1848,0.0
ORF1ab_1867,0.0
ORF1ab_1864,0.0
ORF1ab_1863,0.0
ORF1ab_1862,0.0
ORF1ab_1861,0.0
ORF1ab_1860,0.0
ORF1ab_1857,0.0
ORF1ab_1852,0.0
ORF1ab_1850,0.0
ORF1ab_1849,0.0
ORF1ab_1868,0.0
ORF1ab_1776,0.0
ORF1ab_1773,0.0
ORF1ab_1772,0.0
ORF1ab_1771,0.0
ORF1ab_1770,0.0
ORF1ab_1769,0.0
ORF1ab_1768,0.0
ORF1ab_1767,0.0
ORF1ab_1766,0.0
ORF1ab_1798,0.0
ORF1ab_1764,0.0
ORF1ab_1763,0.0
ORF1ab_1762,0.0
ORF1ab_1761,0.0
ORF1ab_1759,0.0
ORF1ab_1758,0.0
ORF1ab_1756,0.0
ORF1ab_1755,0.0
ORF1ab_1754,0.0
ORF1ab_1753,0.0
ORF1ab_1765,0.0
ORF1ab_1797,0.0
ORF1ab_1796,0.0
ORF1ab_1795,0.0
ORF1ab_1794,0.0
ORF1ab_1793,0.0
ORF1ab_1792,0.0
ORF1ab_1791,0.0
ORF1ab_1790,0.0
ORF1ab_1789,0.0
ORF1ab_1777,0.0
ORF1ab_1787,0.0
ORF1ab_1786,0.0
ORF1ab_1785,0.0
ORF1ab_1784,0.0
ORF1ab_1783,0.0
ORF1ab_1782,0.0
ORF1ab_1781,0.0
ORF1ab_1780,0.0
ORF1ab_1779,0.0
ORF1ab_1778,0.0
ORF1ab_1788,0.0
ORF1ab_430,0.0
ORF1ab_71,0.0
ORF1ab_428,0.0
ORF1ab_427,0.0
ORF1ab_426,0.0
ORF1ab_425,0.0
ORF1ab_424,0.0
ORF1ab_423,0.0
ORF1ab_422,0.0
ORF1ab_1458,0.0
ORF1ab_414,0.0
ORF1ab_409,0.0
ORF1ab_406,0.0
ORF1ab_362,0.0
ORF1ab_361,0.0
ORF1ab_360,0.0
ORF1ab_337,0.0
ORF1ab_336,0.0
ORF1ab_335,0.0
ORF1ab_334,0.0
ORF1ab_419,0.0
ORF1ab_608,0.0
ORF1ab_604,0.0
ORF1ab_601,0.0
ORF1ab_593,0.0
ORF1ab_590,0.0
ORF1ab_578,0.0
ORF1ab_577,0.0
ORF1ab_569,0.0
ORF1ab_568,0.0
ORF1ab_439,0.0
ORF1ab_559,0.0
ORF1ab_556,0.0
ORF1ab_542,0.0
ORF1ab_525,0.0
ORF1ab_511,0.0
ORF1ab_509,0.0
ORF1ab_497,0.0
ORF1ab_481,0.0
ORF1ab_446,0.0
ORF1ab_442,0.0
ORF1ab_562,0.0
ORF1ab_429,0.0
N_928,0.0
ORF1ab_251,0.0
ORF1ab_250,0.0
ORF1ab_249,0.0
ORF1ab_248,0.0
ORF1ab_247,0.0
ORF1ab_246,0.0
ORF1ab_245,0.0
ORF1ab_333,0.0
ORF1ab_223,0.0
ORF1ab_211,0.0
ORF1ab_202,0.0
ORF1ab_190,0.0
ORF1ab_185,0.0
ORF1ab_181,0.0
ORF1ab_174,0.0
ORF1ab_171,0.0
ORF1ab_170,0.0
ORF1ab_134,0.0
ORF1ab_242,0.0
ORF1ab_329,0.0
ORF1ab_328,0.0
ORF1ab_325,0.0
ORF1ab_319,0.0
ORF1ab_109,0.0
ORF1ab_292,0.0
ORF1ab_280,0.0
ORF1ab_262,0.0
ORF1ab_256,0.0
N_1196,0.0
ORF1ab_253,0.0
ORF1ab_252,0.0
ORF1ab_51,0.0
ORF1ab_49,0.0
ORF1ab_40,0.0
ORF1ab_28,0.0
ORF1ab_10,0.0
ORF10_114,0.0
ORF1ab_307,0.0
N_1155,0.0
ORF1ab_254,0.0
ORF1ab_1231,0.0
ORF1ab_1209,0.0
ORF1ab_1207,0.0
ORF1ab_1202,0.0
ORF1ab_1198,0.0
ORF1ab_1197,0.0
ORF1ab_1193,0.0
ORF1ab_1165,0.0
ORF1ab_1163,0.0
ORF1ab_611,0.0
ORF1ab_1155,0.0
ORF1ab_1135,0.0
ORF1ab_1128,0.0
ORF1ab_1094,0.0
ORF1ab_1084,0.0
ORF1ab_1066,0.0
ORF1ab_1054,0.0
ORF1ab_1050,0.0
ORF1ab_1048,0.0
ORF1ab_1042,0.0
ORF1ab_1162,0.0
ORF1ab_1451,0.0
ORF1ab_1445,0.0
ORF1ab_1422,0.0
ORF1ab_1421,0.0
ORF1ab_1420,0.0
ORF1ab_1410,0.0
ORF1ab_1395,0.0
ORF1ab_1386,0.0
ORF1ab_1384,0.0
ORF1ab_1273,0.0
ORF1ab_1365,0.0
ORF1ab_1363,0.0
ORF1ab_1345,0.0
ORF1ab_1323,0.0
ORF1ab_1313,0.0
ORF1ab_1308,0.0
ORF1ab_1298,0.0
ORF1ab_1294,0.0
ORF1ab_1287,0.0
ORF1ab_1281,0.0
ORF1ab_1379,0.0
ORF1ab_778,0.0
ORF1ab_729,0.0
ORF1ab_678,0.0
ORF1ab_677,0.0
ORF1ab_675,0.0
ORF1ab_672,0.0
ORF1ab_670,0.0
ORF1ab_668,0.0
ORF1ab_665,0.0
ORF1ab_1024,0.0
ORF1ab_656,0.0
ORF1ab_650,0.0
ORF1ab_649,0.0
ORF1ab_643,0.0
ORF1ab_642,0.0
ORF1ab_639,0.0
ORF1ab_632,0.0
ORF1ab_620,0.0
ORF1ab_617,0.0
ORF1ab_614,0.0
ORF1ab_658,0.0
ORF1ab_1020,0.0
ORF1ab_1017,0.0
ORF1ab_1003,0.0
ORF1ab_999,0.0
ORF1ab_947,0.0
ORF1ab_946,0.0
ORF1ab_927,0.0
ORF1ab_926,0.0
ORF1ab_905,0.0
ORF1ab_893,0.0
ORF1ab_795,0.0
ORF1ab_877,0.0
ORF1ab_871,0.0
ORF1ab_838,0.0
ORF1ab_837,0.0
ORF1ab_832,0.0
ORF1ab_813,0.0
ORF1ab_812,0.0
ORF1ab_805,0.0
ORF1ab_800,0.0
ORF1ab_796,0.0
ORF1ab_890,0.0
ORF1ab_2472,0.0
ORF1ab_2471,0.0
ORF1ab_2470,0.0
ORF1ab_2469,0.0
ORF1ab_2468,0.0
ORF1ab_2467,0.0
ORF1ab_2466,0.0
ORF1ab_2465,0.0
ORF1ab_2464,0.0
ORF1ab_1878,0.0
ORF1ab_2462,0.0
ORF1ab_2461,0.0
ORF1ab_2460,0.0
ORF1ab_2459,0.0
ORF1ab_2458,0.0
ORF1ab_2457,0.0
ORF1ab_2456,0.0
ORF1ab_2455,0.0
ORF1ab_2454,0.0
ORF1ab_2453,0.0
ORF1ab_2463,0.0
ORF1ab_2495,0.0
ORF1ab_2494,0.0
ORF1ab_2493,0.0
ORF1ab_2492,0.0
ORF1ab_2491,0.0
ORF1ab_2490,0.0
ORF1ab_2489,0.0
ORF1ab_2488,0.0
ORF1ab_2487,0.0
ORF1ab_2473,0.0
ORF1ab_2485,0.0
ORF1ab_2484,0.0
ORF1ab_2483,0.0
ORF1ab_2481,0.0
ORF1ab_2480,0.0
ORF1ab_2479,0.0
ORF1ab_2478,0.0
ORF1ab_2476,0.0
ORF1ab_2475,0.0
ORF1ab_2474,0.0
ORF1ab_2486,0.0
ORF1ab_2430,0.0
ORF1ab_2429,0.0
ORF1ab_2427,0.0
ORF1ab_2426,0.0
ORF1ab_2425,0.0
ORF1ab_2424,0.0
ORF1ab_2423,0.0
ORF1ab_2422,0.0
ORF1ab_2421,0.0
ORF1ab_2452,0.0
ORF1ab_2417,0.0
ORF1ab_2416,0.0
ORF1ab_2415,0.0
ORF1ab_2414,0.0
ORF1ab_2413,0.0
ORF1ab_2412,0.0
ORF1ab_2411,0.0
ORF1ab_2410,0.0
ORF1ab_2409,0.0
ORF1ab_2408,0.0
ORF1ab_2419,0.0
ORF1ab_2451,0.0
ORF1ab_2450,0.0
ORF1ab_2449,0.0
ORF1ab_2448,0.0
ORF1ab_2447,0.0
ORF1ab_2446,0.0
ORF1ab_2445,0.0
ORF1ab_2444,0.0
ORF1ab_2443,0.0
ORF1ab_2431,0.0
ORF1ab_2441,0.0
ORF1ab_2440,0.0
ORF1ab_2439,0.0
ORF1ab_2438,0.0
ORF1ab_2437,0.0
ORF1ab_2436,0.0
ORF1ab_2435,0.0
ORF1ab_2434,0.0
ORF1ab_2433,0.0
ORF1ab_2432,0.0
ORF1ab_2442,0.0
ORF1ab_2567,0.0
ORF1ab_2566,0.0
ORF1ab_2565,0.0
ORF1ab_2564,0.0
ORF1ab_2563,0.0
ORF1ab_2562,0.0
ORF1ab_2561,0.0
ORF1ab_2560,0.0
ORF1ab_2559,0.0
ORF1ab_2496,0.0
ORF1ab_2557,0.0
ORF1ab_2556,0.0
ORF1ab_2555,0.0
ORF1ab_2554,0.0
ORF1ab_2553,0.0
ORF1ab_2552,0.0
ORF1ab_2549,0.0
ORF1ab_2547,0.0
ORF1ab_2546,0.0
ORF1ab_2545,0.0
ORF1ab_2558,0.0
ORF1ab_2785,0.0
ORF1ab_2781,0.0
ORF1ab_2778,0.0
ORF1ab_2776,0.0
ORF1ab_2774,0.0
ORF1ab_2773,0.0
ORF1ab_2761,0.0
ORF1ab_2749,0.0
ORF1ab_2747,0.0
ORF1ab_2572,0.0
ORF1ab_2736,0.0
ORF1ab_2709,0.0
ORF1ab_2698,0.0
ORF1ab_2675,0.0
ORF1ab_2655,0.0
ORF1ab_2647,0.0
ORF1ab_2638,0.0
ORF1ab_2631,0.0
ORF1ab_2614,0.0
ORF1ab_2602,0.0
ORF1ab_2740,0.0
ORF1ab_2516,0.0
ORF1ab_2515,0.0
ORF1ab_2514,0.0
ORF1ab_2513,0.0
ORF1ab_2512,0.0
ORF1ab_2511,0.0
ORF1ab_2510,0.0
ORF1ab_2509,0.0
ORF1ab_2508,0.0
ORF1ab_2544,0.0
ORF1ab_2506,0.0
ORF1ab_2505,0.0
ORF1ab_2504,0.0
ORF1ab_2503,0.0
ORF1ab_2502,0.0
ORF1ab_2501,0.0
ORF1ab_2500,0.0
ORF1ab_2499,0.0
ORF1ab_2498,0.0
ORF1ab_2497,0.0
ORF1ab_2507,0.0
ORF1ab_2542,0.0
ORF1ab_2541,0.0
ORF1ab_2535,0.0
ORF1ab_2534,0.0
ORF1ab_2533,0.0
ORF1ab_2532,0.0
ORF1ab_2531,0.0
ORF1ab_2530,0.0
ORF1ab_2529,0.0
ORF1ab_2517,0.0
ORF1ab_2527,0.0
ORF1ab_2526,0.0
ORF1ab_2525,0.0
ORF1ab_2524,0.0
ORF1ab_2523,0.0
ORF1ab_2522,0.0
ORF1ab_2521,0.0
ORF1ab_2520,0.0
ORF1ab_2519,0.0
ORF1ab_2518,0.0
ORF1ab_2528,0.0
ORF1ab_2107,0.0
ORF1ab_2096,0.0
ORF1ab_2075,0.0
ORF1ab_2074,0.0
ORF1ab_2053,0.0
ORF1ab_2041,0.0
ORF1ab_2036,0.0
ORF1ab_2035,0.0
ORF1ab_2017,0.0
ORF1ab_2407,0.0
ORF1ab_2006,0.0
ORF1ab_2001,0.0
ORF1ab_1999,0.0
ORF1ab_1994,0.0
ORF1ab_1968,0.0
ORF1ab_1939,0.0
ORF1ab_1934,0.0
ORF1ab_1925,0.0
ORF1ab_1922,0.0
ORF1ab_1921,0.0
ORF1ab_2012,0.0
ORF1ab_2320,0.0
ORF1ab_2280,0.0
ORF1ab_2263,0.0
ORF1ab_2259,0.0
ORF1ab_2254,0.0
ORF1ab_2252,0.0
ORF1ab_2221,0.0
ORF1ab_2206,0.0
ORF1ab_2194,0.0
ORF1ab_2111,0.0
ORF1ab_2189,0.0
ORF1ab_2185,0.0
ORF1ab_2182,0.0
ORF1ab_2181,0.0
ORF1ab_2160,0.0
ORF1ab_2146,0.0
ORF1ab_2142,0.0
ORF1ab_2132,0.0
ORF1ab_2131,0.0
ORF1ab_2124,0.0
ORF1ab_2191,0.0
ORF1ab_1898,0.0
ORF1ab_1897,0.0
ORF1ab_1896,0.0
ORF1ab_1895,0.0
ORF1ab_1894,0.0
ORF1ab_1893,0.0
ORF1ab_1892,0.0
ORF1ab_1891,0.0
ORF1ab_1890,0.0
ORF1ab_1920,0.0
ORF1ab_1888,0.0
ORF1ab_1887,0.0
ORF1ab_1886,0.0
ORF1ab_1885,0.0
ORF1ab_1884,0.0
ORF1ab_1883,0.0
ORF1ab_1882,0.0
ORF1ab_1881,0.0
ORF1ab_1880,0.0
ORF1ab_1879,0.0
ORF1ab_1889,0.0
ORF1ab_1919,0.0
ORF1ab_1918,0.0
ORF1ab_1917,0.0
ORF1ab_1916,0.0
ORF1ab_1915,0.0
ORF1ab_1914,0.0
ORF1ab_1913,0.0
ORF1ab_1912,0.0
ORF1ab_1911,0.0
ORF1ab_1899,0.0
ORF1ab_1909,0.0
ORF1ab_1908,0.0
ORF1ab_1907,0.0
ORF1ab_1906,0.0
ORF1ab_1905,0.0
ORF1ab_1904,0.0
ORF1ab_1903,0.0
ORF1ab_1902,0.0
ORF1ab_1901,0.0
ORF1ab_1900,0.0
ORF1ab_1910,0.0
ORF1ab_2385,0.0
ORF1ab_2384,0.0
ORF1ab_2383,0.0
ORF1ab_2382,0.0
ORF1ab_2381,0.0
ORF1ab_2380,0.0
ORF1ab_2379,0.0
ORF1ab_2378,0.0
ORF1ab_2377,0.0
ORF1ab_2322,0.0
ORF1ab_2375,0.0
ORF1ab_2374,0.0
ORF1ab_2373,0.0
ORF1ab_2372,0.0
ORF1ab_2371,0.0
ORF1ab_2370,0.0
ORF1ab_2369,0.0
ORF1ab_2368,0.0
ORF1ab_2367,0.0
ORF1ab_2366,0.0
ORF1ab_2376,0.0
ORF1ab_2406,0.0
ORF1ab_2405,0.0
ORF1ab_2404,0.0
ORF1ab_2403,0.0
ORF1ab_2402,0.0
ORF1ab_2401,0.0
ORF1ab_2400,0.0
ORF1ab_2399,0.0
ORF1ab_2398,0.0
ORF1ab_2386,0.0
ORF1ab_2396,0.0
ORF1ab_2395,0.0
ORF1ab_2394,0.0
ORF1ab_2393,0.0
ORF1ab_2392,0.0
ORF1ab_2391,0.0
ORF1ab_2390,0.0
ORF1ab_2389,0.0
ORF1ab_2388,0.0
ORF1ab_2387,0.0
ORF1ab_2397,0.0
ORF1ab_2342,0.0
ORF1ab_2341,0.0
ORF1ab_2340,0.0
ORF1ab_2339,0.0
ORF1ab_2338,0.0
ORF1ab_2337,0.0
ORF1ab_2336,0.0
ORF1ab_2335,0.0
ORF1ab_2334,0.0
ORF1ab_2365,0.0
ORF1ab_2332,0.0
ORF1ab_2331,0.0
ORF1ab_2330,0.0
ORF1ab_2329,0.0
ORF1ab_2328,0.0
ORF1ab_2327,0.0
ORF1ab_2326,0.0
ORF1ab_2325,0.0
ORF1ab_2324,0.0
ORF1ab_2323,0.0
ORF1ab_2333,0.0
ORF1ab_2364,0.0
ORF1ab_2363,0.0
ORF1ab_2362,0.0
ORF1ab_2361,0.0
ORF1ab_2360,0.0
ORF1ab_2359,0.0
ORF1ab_2358,0.0
ORF1ab_2357,0.0
ORF1ab_2356,0.0
ORF1ab_2355,0.0
ORF1ab_2343,0.0
ORF1ab_2353,0.0
ORF1ab_2352,0.0
ORF1ab_2351,0.0
ORF1ab_2350,0.0
ORF1ab_2349,0.0
ORF1ab_2348,0.0
ORF1ab_2347,0.0
ORF1ab_2346,0.0
ORF1ab_2345,0.0
ORF1ab_2344,0.0
ORF1ab_2354,0.0
ORF1ab_13003,0.0
ORF1ab_12991,0.0
ORF1ab_12955,0.0
ORF1ab_12952,0.0
ORF1ab_12937,0.0
ORF1ab_12933,0.0
ORF1ab_12931,0.0
ORF1ab_12924,0.0
ORF1ab_12912,0.0
ORF1ab_6844,0.0
ORF1ab_12898,0.0
ORF1ab_12876,0.0
ORF1ab_12855,0.0
ORF1ab_12851,0.0
ORF1ab_12830,0.0
ORF1ab_12823,0.0
ORF1ab_12787,0.0
ORF1ab_12755,0.0
ORF1ab_12747,0.0
ORF1ab_12706,0.0
ORF1ab_12905,0.0
ORF1ab_13159,0.0
ORF1ab_13158,0.0
ORF1ab_13157,0.0
ORF1ab_13152,0.0
ORF1ab_13147,0.0
ORF1ab_13121,0.0
ORF1ab_13120,0.0
ORF1ab_13119,0.0
ORF1ab_13118,0.0
ORF1ab_13012,0.0
ORF1ab_13116,0.0
ORF1ab_13115,0.0
ORF1ab_13114,0.0
ORF1ab_13108,0.0
ORF1ab_13104,0.0
ORF1ab_13098,0.0
ORF1ab_13093,0.0
ORF1ab_13084,0.0
ORF1ab_13065,0.0
ORF1ab_13017,0.0
ORF1ab_13117,0.0
ORF1ab_12444,0.0
ORF1ab_12412,0.0
ORF1ab_12405,0.0
ORF1ab_12387,0.0
ORF1ab_12380,0.0
ORF1ab_12359,0.0
ORF1ab_12352,0.0
ORF1ab_12291,0.0
ORF1ab_12283,0.0
ORF1ab_12700,0.0
ORF1ab_12255,0.0
ORF1ab_12250,0.0
ORF1ab_12249,0.0
ORF1ab_12224,0.0
ORF1ab_12220,0.0
ORF1ab_12209,0.0
ORF1ab_12175,0.0
ORF1ab_12151,0.0
ORF1ab_12136,0.0
ORF1ab_12121,0.0
ORF1ab_12261,0.0
ORF1ab_12682,0.0
ORF1ab_12660,0.0
ORF1ab_12632,0.0
ORF1ab_12626,0.0
ORF1ab_12616,0.0
ORF1ab_12614,0.0
ORF1ab_12559,0.0
ORF1ab_12556,0.0
ORF1ab_12545,0.0
ORF1ab_12469,0.0
ORF1ab_12517,0.0
ORF1ab_12514,0.0
ORF1ab_12511,0.0
ORF1ab_12505,0.0
ORF1ab_12501,0.0
ORF1ab_12499,0.0
ORF1ab_12492,0.0
ORF1ab_12483,0.0
ORF1ab_12477,0.0
ORF1ab_12473,0.0
ORF1ab_12528,0.0
ORF1ab_13313,0.0
ORF1ab_13312,0.0
ORF1ab_13311,0.0
ORF1ab_13310,0.0
ORF1ab_13309,0.0
ORF1ab_13308,0.0
ORF1ab_13307,0.0
ORF1ab_13306,0.0
ORF1ab_13305,0.0
ORF1ab_13160,0.0
ORF1ab_13303,0.0
ORF1ab_13298,0.0
ORF1ab_13253,0.0
ORF1ab_13252,0.0
ORF1ab_13251,0.0
ORF1ab_13250,0.0
ORF1ab_13249,0.0
ORF1ab_13248,0.0
ORF1ab_13247,0.0
ORF1ab_13238,0.0
ORF1ab_13304,0.0
ORF1ab_13334,0.0
ORF1ab_13333,0.0
ORF1ab_13332,0.0
ORF1ab_13331,0.0
ORF1ab_13330,0.0
ORF1ab_13329,0.0
ORF1ab_13328,0.0
ORF1ab_13327,0.0
ORF1ab_13326,0.0
ORF1ab_13314,0.0
ORF1ab_13324,0.0
ORF1ab_13323,0.0
ORF1ab_13322,0.0
ORF1ab_13321,0.0
ORF1ab_13320,0.0
ORF1ab_13319,0.0
ORF1ab_13318,0.0
ORF1ab_13317,0.0
ORF1ab_13316,0.0
ORF1ab_13315,0.0
ORF1ab_13325,0.0
ORF1ab_13180,0.0
ORF1ab_13179,0.0
ORF1ab_13178,0.0
ORF1ab_13177,0.0
ORF1ab_13176,0.0
ORF1ab_13175,0.0
ORF1ab_13174,0.0
ORF1ab_13173,0.0
ORF1ab_13172,0.0
ORF1ab_13236,0.0
ORF1ab_13170,0.0
ORF1ab_13169,0.0
ORF1ab_13168,0.0
ORF1ab_13167,0.0
ORF1ab_13166,0.0
ORF1ab_13165,0.0
ORF1ab_13164,0.0
ORF1ab_13163,0.0
ORF1ab_13162,0.0
ORF1ab_13161,0.0
ORF1ab_13171,0.0
ORF1ab_13235,0.0
ORF1ab_13234,0.0
ORF1ab_13233,0.0
ORF1ab_13232,0.0
ORF1ab_13231,0.0
ORF1ab_13196,0.0
ORF1ab_13195,0.0
ORF1ab_13194,0.0
ORF1ab_13193,0.0
ORF1ab_13181,0.0
ORF1ab_13191,0.0
ORF1ab_13190,0.0
ORF1ab_13189,0.0
ORF1ab_13188,0.0
ORF1ab_13187,0.0
ORF1ab_13186,0.0
ORF1ab_13185,0.0
ORF1ab_13184,0.0
ORF1ab_13183,0.0
ORF1ab_13182,0.0
ORF1ab_13192,0.0
ORF1ab_10819,0.0
ORF1ab_10811,0.0
ORF1ab_10810,0.0
ORF1ab_10794,0.0
ORF1ab_10786,0.0
ORF1ab_10785,0.0
ORF1ab_10778,0.0
ORF1ab_10759,0.0
ORF1ab_10741,0.0
ORF1ab_12048,0.0
ORF1ab_10713,0.0
ORF1ab_10710,0.0
ORF1ab_10684,0.0
ORF1ab_10649,0.0
ORF1ab_10617,0.0
ORF1ab_10606,0.0
ORF1ab_10604,0.0
ORF1ab_10600,0.0
ORF1ab_10570,0.0
ORF1ab_10569,0.0
ORF1ab_10731,0.0
ORF1ab_11030,0.0
ORF1ab_11029,0.0
ORF1ab_11028,0.0
ORF1ab_11027,0.0
ORF1ab_11026,0.0
ORF1ab_11025,0.0
ORF1ab_11024,0.0
ORF1ab_11023,0.0
ORF1ab_11006,0.0
ORF1ab_10831,0.0
ORF1ab_11002,0.0
ORF1ab_10986,0.0
ORF1ab_10971,0.0
ORF1ab_10966,0.0
ORF1ab_10960,0.0
ORF1ab_10937,0.0
ORF1ab_10931,0.0
ORF1ab_10897,0.0
ORF1ab_10888,0.0
ORF1ab_10845,0.0
ORF1ab_11003,0.0
ORF1ab_10243,0.0
ORF1ab_10222,0.0
ORF1ab_10210,0.0
ORF1ab_10192,0.0
ORF1ab_10186,0.0
ORF1ab_10185,0.0
ORF1ab_10183,0.0
ORF1ab_10153,0.0
ORF1ab_10137,0.0
ORF1ab_10551,0.0
ORF1ab_10132,0.0
ORF1ab_10112,0.0
ORF1ab_10105,0.0
ORF1ab_10102,0.0
ORF1ab_10100,0.0
ORF1ab_10095,0.0
ORF1ab_10081,0.0
ORF1ab_10080,0.0
ORF1ab_10077,0.0
ORF1ab_10063,0.0
ORF1ab_10135,0.0
ORF1ab_10534,0.0
ORF1ab_10526,0.0
ORF1ab_10525,0.0
ORF1ab_10507,0.0
ORF1ab_10501,0.0
ORF1ab_10483,0.0
ORF1ab_10477,0.0
ORF1ab_10473,0.0
ORF1ab_10468,0.0
ORF1ab_10259,0.0
ORF1ab_10438,0.0
ORF1ab_10403,0.0
ORF1ab_10381,0.0
ORF1ab_10377,0.0
ORF1ab_10367,0.0
ORF1ab_10318,0.0
ORF1ab_10285,0.0
ORF1ab_10273,0.0
ORF1ab_10269,0.0
ORF1ab_10261,0.0
ORF1ab_10450,0.0
ORF1ab_11779,0.0
ORF1ab_11778,0.0
ORF1ab_11772,0.0
ORF1ab_11761,0.0
ORF1ab_11752,0.0
ORF1ab_11744,0.0
ORF1ab_11706,0.0
ORF1ab_11698,0.0
ORF1ab_11692,0.0
ORF1ab_11031,0.0
ORF1ab_11676,0.0
ORF1ab_11675,0.0
ORF1ab_11655,0.0
ORF1ab_11652,0.0
ORF1ab_11626,0.0
ORF1ab_11623,0.0
ORF1ab_11622,0.0
ORF1ab_11602,0.0
ORF1ab_11587,0.0
ORF1ab_11564,0.0
ORF1ab_11677,0.0
ORF1ab_12046,0.0
ORF1ab_12019,0.0
ORF1ab_11938,0.0
ORF1ab_11915,0.0
ORF1ab_11898,0.0
ORF1ab_11896,0.0
ORF1ab_11895,0.0
ORF1ab_11877,0.0
ORF1ab_11875,0.0
ORF1ab_11785,0.0
ORF1ab_11851,0.0
ORF1ab_11836,0.0
ORF1ab_11821,0.0
ORF1ab_11820,0.0
ORF1ab_11812,0.0
ORF1ab_11809,0.0
ORF1ab_11806,0.0
ORF1ab_11804,0.0
ORF1ab_11803,0.0
ORF1ab_11789,0.0
ORF1ab_11855,0.0
ORF1ab_11283,0.0
ORF1ab_11273,0.0
ORF1ab_11266,0.0
ORF1ab_11257,0.0
ORF1ab_11250,0.0
ORF1ab_11233,0.0
ORF1ab_11221,0.0
ORF1ab_11219,0.0
ORF1ab_11218,0.0
ORF1ab_11563,0.0
ORF1ab_11183,0.0
ORF1ab_11154,0.0
ORF1ab_11153,0.0
ORF1ab_11101,0.0
ORF1ab_11080,0.0
ORF1ab_11069,0.0
ORF1ab_11068,0.0
ORF1ab_11035,0.0
ORF1ab_11033,0.0
ORF1ab_11032,0.0
ORF1ab_11207,0.0
ORF1ab_11560,0.0
ORF1ab_11548,0.0
ORF1ab_11518,0.0
ORF1ab_11494,0.0
ORF1ab_11486,0.0
ORF1ab_11483,0.0
ORF1ab_11440,0.0
ORF1ab_11389,0.0
ORF1ab_11370,0.0
ORF1ab_11293,0.0
ORF1ab_11356,0.0
ORF1ab_11336,0.0
ORF1ab_11332,0.0
ORF1ab_11331,0.0
ORF1ab_11327,0.0
ORF1ab_11311,0.0
ORF1ab_11308,0.0
ORF1ab_11299,0.0
ORF1ab_11298,0.0
ORF1ab_11296,0.0
ORF1ab_11368,0.0
ORF1ab_16432,0.0
ORF1ab_16430,0.0
ORF1ab_16383,0.0
ORF1ab_16322,0.0
ORF1ab_16317,0.0
ORF1ab_16316,0.0
ORF1ab_16311,0.0
ORF1ab_16299,0.0
ORF1ab_16270,0.0
ORF1ab_13335,0.0
ORF1ab_16257,0.0
ORF1ab_16204,0.0
ORF1ab_16202,0.0
ORF1ab_16164,0.0
ORF1ab_16157,0.0
ORF1ab_16152,0.0
ORF1ab_16149,0.0
ORF1ab_16140,0.0
ORF1ab_16132,0.0
ORF1ab_16130,0.0
ORF1ab_16264,0.0
ORF1ab_16623,0.0
ORF1ab_16621,0.0
ORF1ab_16613,0.0
ORF1ab_16608,0.0
ORF1ab_16605,0.0
ORF1ab_16588,0.0
ORF1ab_16582,0.0
ORF1ab_16576,0.0
ORF1ab_16569,0.0
ORF1ab_16444,0.0
ORF1ab_16536,0.0
ORF1ab_16503,0.0
ORF1ab_16498,0.0
ORF1ab_16486,0.0
ORF1ab_16484,0.0
ORF1ab_16480,0.0
ORF1ab_16479,0.0
ORF1ab_16477,0.0
ORF1ab_16469,0.0
ORF1ab_16461,0.0
ORF1ab_16557,0.0
ORF1ab_15804,0.0
ORF1ab_15765,0.0
ORF1ab_15753,0.0
ORF1ab_15750,0.0
ORF1ab_15718,0.0
ORF1ab_15717,0.0
ORF1ab_15696,0.0
ORF1ab_15688,0.0
ORF1ab_15672,0.0
ORF1ab_16122,0.0
ORF1ab_15664,0.0
ORF1ab_15661,0.0
ORF1ab_15642,0.0
ORF1ab_15631,0.0
ORF1ab_15628,0.0
ORF1ab_15596,0.0
ORF1ab_15594,0.0
ORF1ab_15593,0.0
ORF1ab_15570,0.0
ORF1ab_15546,0.0
ORF1ab_15669,0.0
ORF1ab_16113,0.0
ORF1ab_16112,0.0
ORF1ab_16110,0.0
ORF1ab_16098,0.0
ORF1ab_16078,0.0
ORF1ab_16071,0.0
ORF1ab_16062,0.0
ORF1ab_16059,0.0
ORF1ab_16044,0.0
ORF1ab_15820,0.0
ORF1ab_15996,0.0
ORF1ab_15981,0.0
ORF1ab_15958,0.0
ORF1ab_15912,0.0
ORF1ab_15870,0.0
ORF1ab_15858,0.0
ORF1ab_15847,0.0
ORF1ab_15841,0.0
ORF1ab_15828,0.0
ORF1ab_15825,0.0
ORF1ab_16029,0.0
ORF1ab_17482,0.0
ORF1ab_17454,0.0
ORF1ab_17422,0.0
ORF1ab_17415,0.0
ORF1ab_17414,0.0
ORF1ab_17412,0.0
ORF1ab_17394,0.0
ORF1ab_17373,0.0
ORF1ab_17358,0.0
ORF1ab_16636,0.0
ORF1ab_17319,0.0
ORF1ab_17298,0.0
ORF1ab_17290,0.0
ORF1ab_17289,0.0
ORF1ab_17288,0.0
ORF1ab_17286,0.0
ORF1ab_17283,0.0
ORF1ab_17264,0.0
ORF1ab_17254,0.0
ORF1ab_17252,0.0
ORF1ab_17351,0.0
ORF1ab_17581,0.0
ORF1ab_17580,0.0
ORF1ab_17579,0.0
ORF1ab_17578,0.0
ORF1ab_17577,0.0
ORF1ab_17576,0.0
ORF1ab_17575,0.0
ORF1ab_115,0.0
ORF1ab_17573,0.0
ORF1ab_17483,0.0
ORF1ab_17571,0.0
ORF1ab_17570,0.0
ORF1ab_17569,0.0
ORF1ab_17568,0.0
ORF1ab_17550,0.0
ORF1ab_17541,0.0
ORF1ab_17540,0.0
ORF1ab_17533,0.0
ORF1ab_17498,0.0
ORF1ab_17484,0.0
ORF1ab_17572,0.0
ORF1ab_16889,0.0
ORF1ab_16858,0.0
ORF1ab_16852,0.0
ORF1ab_16815,0.0
ORF1ab_16755,0.0
ORF1ab_16750,0.0
ORF1ab_16748,0.0
ORF1ab_16746,0.0
ORF1ab_16745,0.0
ORF1ab_17238,0.0
ORF1ab_16740,0.0
ORF1ab_16695,0.0
ORF1ab_16690,0.0
ORF1ab_16685,0.0
ORF1ab_16684,0.0
ORF1ab_16682,0.0
ORF1ab_16653,0.0
ORF1ab_16651,0.0
ORF1ab_16648,0.0
ORF1ab_16641,0.0
ORF1ab_16743,0.0
ORF1ab_17232,0.0
ORF1ab_17227,0.0
ORF1ab_17219,0.0
ORF1ab_17210,0.0
ORF1ab_17163,0.0
ORF1ab_17146,0.0
ORF1ab_17107,0.0
ORF1ab_17082,0.0
ORF1ab_17079,0.0
ORF1ab_16908,0.0
ORF1ab_17067,0.0
ORF1ab_17061,0.0
ORF1ab_17024,0.0
ORF1ab_17021,0.0
ORF1ab_17016,0.0
ORF1ab_17014,0.0
ORF1ab_16995,0.0
ORF1ab_16972,0.0
ORF1ab_16943,0.0
ORF1ab_16923,0.0
ORF1ab_17074,0.0
ORF1ab_13633,0.0
ORF1ab_13623,0.0
ORF1ab_13620,0.0
ORF1ab_13602,0.0
ORF1ab_13598,0.0
ORF1ab_13596,0.0
ORF1ab_13587,0.0
ORF1ab_13551,0.0
ORF1ab_13504,0.0
ORF1ab_15540,0.0
ORF1ab_13459,0.0
ORF1ab_13455,0.0
ORF1ab_13449,0.0
ORF1ab_13447,0.0
ORF1ab_13425,0.0
ORF1ab_13424,0.0
ORF1ab_13423,0.0
ORF1ab_13422,0.0
ORF1ab_13421,0.0
ORF1ab_13420,0.0
ORF1ab_13466,0.0
ORF1ab_13945,0.0
ORF1ab_13938,0.0
ORF1ab_13935,0.0
ORF1ab_13923,0.0
ORF1ab_13920,0.0
ORF1ab_13919,0.0
ORF1ab_13917,0.0
ORF1ab_13914,0.0
ORF1ab_13856,0.0
ORF1ab_13657,0.0
ORF1ab_13791,0.0
ORF1ab_13766,0.0
ORF1ab_13757,0.0
ORF1ab_13740,0.0
ORF1ab_13730,0.0
ORF1ab_13696,0.0
ORF1ab_13686,0.0
ORF1ab_13680,0.0
ORF1ab_13672,0.0
ORF1ab_13659,0.0
ORF1ab_13827,0.0
ORF1ab_13355,0.0
ORF1ab_13354,0.0
ORF1ab_13353,0.0
ORF1ab_13352,0.0
ORF1ab_13351,0.0
ORF1ab_13350,0.0
ORF1ab_13349,0.0
ORF1ab_13348,0.0
ORF1ab_13347,0.0
ORF1ab_13419,0.0
ORF1ab_13345,0.0
ORF1ab_13344,0.0
ORF1ab_13343,0.0
ORF1ab_13342,0.0
ORF1ab_13341,0.0
ORF1ab_13340,0.0
ORF1ab_13339,0.0
ORF1ab_13338,0.0
ORF1ab_13337,0.0
ORF1ab_13336,0.0
ORF1ab_13346,0.0
ORF1ab_13418,0.0
ORF1ab_13417,0.0
ORF1ab_13416,0.0
ORF1ab_13415,0.0
ORF1ab_13414,0.0
ORF1ab_13413,0.0
ORF1ab_13412,0.0
ORF1ab_13411,0.0
ORF1ab_13410,0.0
ORF1ab_13356,0.0
ORF1ab_13408,0.0
ORF1ab_13407,0.0
ORF1ab_13406,0.0
ORF1ab_13401,0.0
ORF1ab_13383,0.0
ORF1ab_13361,0.0
ORF1ab_13360,0.0
ORF1ab_13359,0.0
ORF1ab_13358,0.0
ORF1ab_13357,0.0
ORF1ab_13409,0.0
ORF1ab_15174,0.0
ORF1ab_15171,0.0
ORF1ab_15168,0.0
ORF1ab_15163,0.0
ORF1ab_15143,0.0
ORF1ab_15142,0.0
ORF1ab_15139,0.0
ORF1ab_15122,0.0
ORF1ab_15116,0.0
ORF1ab_13956,0.0
ORF1ab_15015,0.0
ORF1ab_15001,0.0
ORF1ab_14991,0.0
ORF1ab_14989,0.0
ORF1ab_14988,0.0
ORF1ab_14976,0.0
ORF1ab_14973,0.0
ORF1ab_14890,0.0
ORF1ab_14862,0.0
ORF1ab_14844,0.0
ORF1ab_15060,0.0
ORF1ab_15502,0.0
ORF1ab_15499,0.0
ORF1ab_15484,0.0
ORF1ab_15474,0.0
ORF1ab_15473,0.0
ORF1ab_15468,0.0
ORF1ab_15456,0.0
ORF1ab_15450,0.0
ORF1ab_15439,0.0
ORF1ab_15187,0.0
ORF1ab_15404,0.0
ORF1ab_15396,0.0
ORF1ab_15392,0.0
ORF1ab_15390,0.0
ORF1ab_15351,0.0
ORF1ab_15349,0.0
ORF1ab_15342,0.0
ORF1ab_15327,0.0
ORF1ab_15225,0.0
ORF1ab_15188,0.0
ORF1ab_15408,0.0
ORF1ab_14421,0.0
ORF1ab_14412,0.0
ORF1ab_14385,0.0
ORF1ab_14371,0.0
ORF1ab_14370,0.0
ORF1ab_14357,0.0
ORF1ab_14337,0.0
ORF1ab_14335,0.0
ORF1ab_14316,0.0
ORF1ab_14832,0.0
ORF1ab_14307,0.0
ORF1ab_14236,0.0
ORF1ab_14144,0.0
ORF1ab_14094,0.0
ORF1ab_14054,0.0
ORF1ab_14053,0.0
ORF1ab_14049,0.0
ORF1ab_14046,0.0
ORF1ab_14026,0.0
ORF1ab_14007,0.0
ORF1ab_14311,0.0
ORF1ab_14782,0.0
ORF1ab_14762,0.0
ORF1ab_14761,0.0
ORF1ab_14753,0.0
ORF1ab_14743,0.0
ORF1ab_14738,0.0
ORF1ab_14716,0.0
ORF1ab_14661,0.0
ORF1ab_14634,0.0
ORF1ab_14613,0.0
ORF1ab_14426,0.0
ORF1ab_14598,0.0
ORF1ab_14593,0.0
ORF1ab_14565,0.0
ORF1ab_14545,0.0
ORF1ab_14541,0.0
ORF1ab_14527,0.0
ORF1ab_14505,0.0
ORF1ab_14460,0.0
ORF1ab_14448,0.0
ORF1ab_14436,0.0
ORF1ab_14610,0.0
ORF1ab_8404,0.0
ORF1ab_8403,0.0
ORF1ab_8402,0.0
ORF1ab_8401,0.0
ORF1ab_8400,0.0
ORF1ab_8399,0.0
ORF1ab_8394,0.0
ORF1ab_8362,0.0
ORF1ab_8353,0.0
ORF1ab_10059,0.0
ORF1ab_8351,0.0
ORF1ab_8350,0.0
ORF1ab_8349,0.0
ORF1ab_8348,0.0
ORF1ab_8347,0.0
ORF1ab_8346,0.0
ORF1ab_8345,0.0
ORF1ab_8344,0.0
ORF1ab_8343,0.0
ORF1ab_8342,0.0
ORF1ab_8352,0.0
ORF1ab_8425,0.0
ORF1ab_8424,0.0
ORF1ab_8423,0.0
ORF1ab_8422,0.0
ORF1ab_8421,0.0
ORF1ab_8420,0.0
ORF1ab_8419,0.0
ORF1ab_8418,0.0
ORF1ab_8417,0.0
ORF1ab_8405,0.0
ORF1ab_8415,0.0
ORF1ab_8414,0.0
ORF1ab_8413,0.0
ORF1ab_8412,0.0
ORF1ab_8411,0.0
ORF1ab_8410,0.0
ORF1ab_8409,0.0
ORF1ab_8408,0.0
ORF1ab_8407,0.0
ORF1ab_8406,0.0
ORF1ab_8416,0.0
ORF1ab_8056,0.0
ORF1ab_8053,0.0
ORF1ab_8032,0.0
ORF1ab_8029,0.0
ORF1ab_8026,0.0
ORF1ab_8014,0.0
ORF1ab_8002,0.0
ORF1ab_8000,0.0
ORF1ab_7919,0.0
ORF1ab_8341,0.0
ORF1ab_7879,0.0
ORF1ab_7876,0.0
ORF1ab_7875,0.0
ORF1ab_7863,0.0
ORF1ab_7859,0.0
ORF1ab_7848,0.0
ORF1ab_7819,0.0
ORF1ab_7814,0.0
ORF1ab_7767,0.0
ORF1ab_7753,0.0
ORF1ab_7915,0.0
ORF1ab_8340,0.0
ORF1ab_8339,0.0
ORF1ab_8338,0.0
ORF1ab_8337,0.0
ORF1ab_8326,0.0
ORF1ab_8284,0.0
ORF1ab_8283,0.0
ORF1ab_8272,0.0
ORF1ab_8261,0.0
ORF1ab_8070,0.0
ORF1ab_8227,0.0
ORF1ab_8205,0.0
ORF1ab_8186,0.0
ORF1ab_8129,0.0
ORF1ab_8128,0.0
ORF1ab_8125,0.0
ORF1ab_8119,0.0
ORF1ab_8108,0.0
ORF1ab_8101,0.0
ORF1ab_8085,0.0
ORF1ab_8238,0.0
ORF1ab_8488,0.0
ORF1ab_8487,0.0
ORF1ab_8486,0.0
ORF1ab_8485,0.0
ORF1ab_8484,0.0
ORF1ab_8483,0.0
ORF1ab_8482,0.0
ORF1ab_8481,0.0
ORF1ab_8480,0.0
ORF1ab_8426,0.0
ORF1ab_8478,0.0
ORF1ab_8477,0.0
ORF1ab_8476,0.0
ORF1ab_8475,0.0
ORF1ab_8474,0.0
ORF1ab_8473,0.0
ORF1ab_8472,0.0
ORF1ab_8471,0.0
ORF1ab_8470,0.0
ORF1ab_8469,0.0
ORF1ab_8479,0.0
ORF1ab_8509,0.0
ORF1ab_8508,0.0
ORF1ab_8507,0.0
ORF1ab_8506,0.0
ORF1ab_8505,0.0
ORF1ab_8504,0.0
ORF1ab_8503,0.0
ORF1ab_8502,0.0
ORF1ab_8501,0.0
ORF1ab_8489,0.0
ORF1ab_8499,0.0
ORF1ab_8498,0.0
ORF1ab_8497,0.0
ORF1ab_8496,0.0
ORF1ab_8495,0.0
ORF1ab_8494,0.0
ORF1ab_8493,0.0
ORF1ab_8492,0.0
ORF1ab_8491,0.0
ORF1ab_8490,0.0
ORF1ab_8500,0.0
ORF1ab_8446,0.0
ORF1ab_8445,0.0
ORF1ab_8444,0.0
ORF1ab_8443,0.0
ORF1ab_8442,0.0
ORF1ab_8441,0.0
ORF1ab_8440,0.0
ORF1ab_8439,0.0
ORF1ab_8438,0.0
ORF1ab_8468,0.0
ORF1ab_8436,0.0
ORF1ab_8435,0.0
ORF1ab_8434,0.0
ORF1ab_8433,0.0
ORF1ab_8432,0.0
ORF1ab_8431,0.0
ORF1ab_8430,0.0
ORF1ab_8429,0.0
ORF1ab_8428,0.0
ORF1ab_8427,0.0
ORF1ab_8437,0.0
ORF1ab_8467,0.0
ORF1ab_8466,0.0
ORF1ab_8465,0.0
ORF1ab_8464,0.0
ORF1ab_8463,0.0
ORF1ab_8462,0.0
ORF1ab_8461,0.0
ORF1ab_8460,0.0
ORF1ab_8459,0.0
ORF1ab_8447,0.0
ORF1ab_8457,0.0
ORF1ab_8456,0.0
ORF1ab_8455,0.0
ORF1ab_8454,0.0
ORF1ab_8453,0.0
ORF1ab_8452,0.0
ORF1ab_8451,0.0
ORF1ab_8450,0.0
ORF1ab_8449,0.0
ORF1ab_8448,0.0
ORF1ab_8458,0.0
ORF1ab_6948,0.0
ORF1ab_6947,0.0
ORF1ab_6946,0.0
ORF1ab_6945,0.0
ORF1ab_6944,0.0
ORF1ab_6943,0.0
ORF1ab_6942,0.0
ORF1ab_6941,0.0
ORF1ab_6940,0.0
ORF1ab_7752,0.0
ORF1ab_6938,0.0
ORF1ab_6937,0.0
ORF1ab_6936,0.0
ORF1ab_6935,0.0
ORF1ab_6934,0.0
ORF1ab_6933,0.0
ORF1ab_6932,0.0
ORF1ab_6931,0.0
ORF1ab_6930,0.0
ORF1ab_6929,0.0
ORF1ab_6939,0.0
ORF1ab_7017,0.0
ORF1ab_7016,0.0
ORF1ab_7015,0.0
ORF1ab_7003,0.0
ORF1ab_6970,0.0
ORF1ab_6964,0.0
ORF1ab_6963,0.0
ORF1ab_6962,0.0
ORF1ab_6961,0.0
ORF1ab_6949,0.0
ORF1ab_6959,0.0
ORF1ab_6958,0.0
ORF1ab_6957,0.0
ORF1ab_6956,0.0
ORF1ab_6955,0.0
ORF1ab_6954,0.0
ORF1ab_6953,0.0
ORF1ab_6952,0.0
ORF1ab_6951,0.0
ORF1ab_6950,0.0
ORF1ab_6960,0.0
ORF1ab_6906,0.0
ORF1ab_6905,0.0
ORF1ab_6904,0.0
ORF1ab_6903,0.0
ORF1ab_6902,0.0
ORF1ab_6901,0.0
ORF1ab_6897,0.0
ORF1ab_6896,0.0
ORF1ab_6881,0.0
ORF1ab_6928,0.0
ORF1ab_6855,0.0
ORF1ab_6853,0.0
ORF1ab_6852,0.0
ORF1ab_6851,0.0
ORF1ab_6850,0.0
ORF1ab_6849,0.0
ORF1ab_6848,0.0
ORF1ab_6847,0.0
ORF1ab_6846,0.0
ORF1ab_6845,0.0
ORF1ab_6860,0.0
ORF1ab_6927,0.0
ORF1ab_6926,0.0
ORF1ab_6925,0.0
ORF1ab_6924,0.0
ORF1ab_6923,0.0
ORF1ab_6922,0.0
ORF1ab_6921,0.0
ORF1ab_6920,0.0
ORF1ab_6919,0.0
ORF1ab_6907,0.0
ORF1ab_6917,0.0
ORF1ab_6916,0.0
ORF1ab_6915,0.0
ORF1ab_6914,0.0
ORF1ab_6913,0.0
ORF1ab_6912,0.0
ORF1ab_6911,0.0
ORF1ab_6910,0.0
ORF1ab_6909,0.0
ORF1ab_6908,0.0
ORF1ab_6918,0.0
ORF1ab_7361,0.0
ORF1ab_7345,0.0
ORF1ab_7309,0.0
ORF1ab_7300,0.0
ORF1ab_7296,0.0
ORF1ab_7264,0.0
ORF1ab_7240,0.0
ORF1ab_7215,0.0
ORF1ab_7135,0.0
ORF1ab_7018,0.0
ORF1ab_7094,0.0
ORF1ab_7093,0.0
ORF1ab_7070,0.0
ORF1ab_7068,0.0
ORF1ab_7067,0.0
ORF1ab_7066,0.0
ORF1ab_7065,0.0
ORF1ab_7064,0.0
ORF1ab_7063,0.0
ORF1ab_7062,0.0
ORF1ab_7128,0.0
ORF1ab_7746,0.0
ORF1ab_7720,0.0
ORF1ab_7690,0.0
ORF1ab_7681,0.0
ORF1ab_7672,0.0
ORF1ab_7659,0.0
ORF1ab_7645,0.0
ORF1ab_7596,0.0
ORF1ab_7587,0.0
ORF1ab_7375,0.0
ORF1ab_7570,0.0
ORF1ab_7553,0.0
ORF1ab_7549,0.0
ORF1ab_7534,0.0
ORF1ab_7504,0.0
ORF1ab_7501,0.0
ORF1ab_7500,0.0
ORF1ab_7492,0.0
ORF1ab_7471,0.0
ORF1ab_7424,0.0
ORF1ab_7576,0.0
ORF1ab_7038,0.0
ORF1ab_7037,0.0
ORF1ab_7036,0.0
ORF1ab_7035,0.0
ORF1ab_7034,0.0
ORF1ab_7033,0.0
ORF1ab_7032,0.0
ORF1ab_7031,0.0
ORF1ab_7030,0.0
ORF1ab_7061,0.0
ORF1ab_7028,0.0
ORF1ab_7027,0.0
ORF1ab_7026,0.0
ORF1ab_7025,0.0
ORF1ab_7024,0.0
ORF1ab_7023,0.0
ORF1ab_7022,0.0
ORF1ab_7021,0.0
ORF1ab_7020,0.0
ORF1ab_7019,0.0
ORF1ab_7029,0.0
ORF1ab_7060,0.0
ORF1ab_7059,0.0
ORF1ab_7058,0.0
ORF1ab_7057,0.0
ORF1ab_7056,0.0
ORF1ab_7055,0.0
ORF1ab_7054,0.0
ORF1ab_7053,0.0
ORF1ab_7052,0.0
ORF1ab_7051,0.0
ORF1ab_7039,0.0
ORF1ab_7049,0.0
ORF1ab_7048,0.0
ORF1ab_7047,0.0
ORF1ab_7046,0.0
ORF1ab_7045,0.0
ORF1ab_7044,0.0
ORF1ab_7043,0.0
ORF1ab_7042,0.0
ORF1ab_7041,0.0
ORF1ab_7040,0.0
ORF1ab_7050,0.0
ORF1ab_9149,0.0
ORF1ab_9148,0.0
ORF1ab_9147,0.0
ORF1ab_9146,0.0
ORF1ab_9145,0.0
ORF1ab_9144,0.0
ORF1ab_9143,0.0
ORF1ab_9142,0.0
ORF1ab_9141,0.0
ORF1ab_8510,0.0
ORF1ab_9139,0.0
ORF1ab_9138,0.0
ORF1ab_9137,0.0
ORF1ab_9136,0.0
ORF1ab_9135,0.0
ORF1ab_9134,0.0
ORF1ab_9133,0.0
ORF1ab_9132,0.0
ORF1ab_9131,0.0
ORF1ab_9130,0.0
ORF1ab_9140,0.0
ORF1ab_9218,0.0
ORF1ab_9217,0.0
ORF1ab_9216,0.0
ORF1ab_9215,0.0
ORF1ab_9214,0.0
ORF1ab_9210,0.0
ORF1ab_9184,0.0
ORF1ab_9183,0.0
ORF1ab_9181,0.0
ORF1ab_9150,0.0
ORF1ab_9160,0.0
ORF1ab_9159,0.0
ORF1ab_9158,0.0
ORF1ab_9157,0.0
ORF1ab_9156,0.0
ORF1ab_9155,0.0
ORF1ab_9154,0.0
ORF1ab_9153,0.0
ORF1ab_9152,0.0
ORF1ab_9151,0.0
ORF1ab_9166,0.0
ORF1ab_9107,0.0
ORF1ab_9106,0.0
ORF1ab_9105,0.0
ORF1ab_9104,0.0
ORF1ab_9103,0.0
ORF1ab_9102,0.0
ORF1ab_9101,0.0
ORF1ab_9088,0.0
ORF1ab_9082,0.0
ORF1ab_9129,0.0
ORF1ab_9034,0.0
ORF1ab_9029,0.0
ORF1ab_9028,0.0
ORF1ab_9022,0.0
ORF1ab_9010,0.0
ORF1ab_9007,0.0
ORF1ab_9006,0.0
ORF1ab_9005,0.0
ORF1ab_9004,0.0
ORF1ab_9003,0.0
ORF1ab_9080,0.0
ORF1ab_9128,0.0
ORF1ab_9127,0.0
ORF1ab_9126,0.0
ORF1ab_9125,0.0
ORF1ab_9124,0.0
ORF1ab_9123,0.0
ORF1ab_9122,0.0
ORF1ab_9121,0.0
ORF1ab_9120,0.0
ORF1ab_9108,0.0
ORF1ab_9118,0.0
ORF1ab_9117,0.0
ORF1ab_9116,0.0
ORF1ab_9115,0.0
ORF1ab_9114,0.0
ORF1ab_9113,0.0
ORF1ab_9112,0.0
ORF1ab_9111,0.0
ORF1ab_9110,0.0
ORF1ab_9109,0.0
ORF1ab_9119,0.0
ORF1ab_9799,0.0
ORF1ab_9778,0.0
ORF1ab_9775,0.0
ORF1ab_9769,0.0
ORF1ab_9767,0.0
ORF1ab_9765,0.0
ORF1ab_9751,0.0
ORF1ab_9738,0.0
ORF1ab_9732,0.0
ORF1ab_9219,0.0
ORF1ab_9724,0.0
ORF1ab_9718,0.0
ORF1ab_9715,0.0
ORF1ab_9703,0.0
ORF1ab_9698,0.0
ORF1ab_9688,0.0
ORF1ab_9665,0.0
ORF1ab_9664,0.0
ORF1ab_9629,0.0
ORF1ab_9627,0.0
ORF1ab_9730,0.0
ORF1ab_10055,0.0
ORF1ab_10036,0.0
ORF1ab_10015,0.0
ORF1ab_10007,0.0
ORF1ab_10000,0.0
ORF1ab_9988,0.0
ORF1ab_9938,0.0
ORF1ab_9937,0.0
ORF1ab_9934,0.0
ORF1ab_9814,0.0
ORF1ab_9929,0.0
ORF1ab_9927,0.0
ORF1ab_9913,0.0
ORF1ab_9886,0.0
ORF1ab_9874,0.0
ORF1ab_9842,0.0
ORF1ab_9841,0.0
ORF1ab_9839,0.0
ORF1ab_9833,0.0
ORF1ab_9829,0.0
ORF1ab_9931,0.0
ORF1ab_9244,0.0
ORF1ab_9238,0.0
ORF1ab_9237,0.0
ORF1ab_9236,0.0
ORF1ab_9235,0.0
ORF1ab_9234,0.0
ORF1ab_9233,0.0
ORF1ab_9232,0.0
ORF1ab_9231,0.0
ORF1ab_9626,0.0
ORF1ab_9229,0.0
ORF1ab_9228,0.0
ORF1ab_9227,0.0
ORF1ab_9226,0.0
ORF1ab_9225,0.0
ORF1ab_9224,0.0
ORF1ab_9223,0.0
ORF1ab_9222,0.0
ORF1ab_9221,0.0
ORF1ab_9220,0.0
ORF1ab_9230,0.0
ORF1ab_9606,0.0
ORF1ab_9605,0.0
ORF1ab_9602,0.0
ORF1ab_9593,0.0
ORF1ab_9589,0.0
ORF1ab_9541,0.0
ORF1ab_9538,0.0
ORF1ab_9514,0.0
ORF1ab_9486,0.0
ORF1ab_9257,0.0
ORF1ab_9447,0.0
ORF1ab_9429,0.0
ORF1ab_9414,0.0
ORF1ab_9397,0.0
ORF1ab_9347,0.0
ORF1ab_9334,0.0
ORF1ab_9295,0.0
ORF1ab_9270,0.0
ORF1ab_9265,0.0
ORF1ab_9262,0.0
ORF1ab_9474,0.0
ORF1ab_8572,0.0
ORF1ab_8571,0.0
ORF1ab_8570,0.0
ORF1ab_8569,0.0
ORF1ab_8568,0.0
ORF1ab_8567,0.0
ORF1ab_8566,0.0
ORF1ab_8565,0.0
ORF1ab_8564,0.0
ORF1ab_9002,0.0
ORF1ab_8562,0.0
ORF1ab_8561,0.0
ORF1ab_8560,0.0
ORF1ab_8559,0.0
ORF1ab_8558,0.0
ORF1ab_8557,0.0
ORF1ab_8556,0.0
ORF1ab_8555,0.0
ORF1ab_8554,0.0
ORF1ab_8553,0.0
ORF1ab_8563,0.0
ORF1ab_8593,0.0
ORF1ab_8592,0.0
ORF1ab_8591,0.0
ORF1ab_8590,0.0
ORF1ab_8589,0.0
ORF1ab_8588,0.0
ORF1ab_8587,0.0
ORF1ab_8586,0.0
ORF1ab_8585,0.0
ORF1ab_8573,0.0
ORF1ab_8583,0.0
ORF1ab_8582,0.0
ORF1ab_8581,0.0
ORF1ab_8580,0.0
ORF1ab_8579,0.0
ORF1ab_8578,0.0
ORF1ab_8577,0.0
ORF1ab_8576,0.0
ORF1ab_8575,0.0
ORF1ab_8574,0.0
ORF1ab_8584,0.0
ORF1ab_8530,0.0
ORF1ab_8529,0.0
ORF1ab_8528,0.0
ORF1ab_8527,0.0
ORF1ab_8526,0.0
ORF1ab_8525,0.0
ORF1ab_8524,0.0
ORF1ab_8523,0.0
ORF1ab_8522,0.0
ORF1ab_8552,0.0
ORF1ab_8520,0.0
ORF1ab_8519,0.0
ORF1ab_8518,0.0
ORF1ab_8517,0.0
ORF1ab_8516,0.0
ORF1ab_8515,0.0
ORF1ab_8514,0.0
ORF1ab_8513,0.0
ORF1ab_8512,0.0
ORF1ab_8511,0.0
ORF1ab_8521,0.0
ORF1ab_8551,0.0
ORF1ab_8550,0.0
ORF1ab_8549,0.0
ORF1ab_8548,0.0
ORF1ab_8547,0.0
ORF1ab_8546,0.0
ORF1ab_8545,0.0
ORF1ab_8544,0.0
ORF1ab_8543,0.0
ORF1ab_8531,0.0
ORF1ab_8541,0.0
ORF1ab_8540,0.0
ORF1ab_8539,0.0
ORF1ab_8538,0.0
ORF1ab_8537,0.0
ORF1ab_8536,0.0
ORF1ab_8535,0.0
ORF1ab_8534,0.0
ORF1ab_8533,0.0
ORF1ab_8532,0.0
ORF1ab_8542,0.0
ORF1ab_8959,0.0
ORF1ab_8943,0.0
ORF1ab_8940,0.0
ORF1ab_8939,0.0
ORF1ab_8908,0.0
ORF1ab_8903,0.0
ORF1ab_8902,0.0
ORF1ab_8901,0.0
ORF1ab_8872,0.0
ORF1ab_8594,0.0
ORF1ab_8832,0.0
ORF1ab_8821,0.0
ORF1ab_8789,0.0
ORF1ab_8785,0.0
ORF1ab_8780,0.0
ORF1ab_8778,0.0
ORF1ab_8752,0.0
ORF1ab_8749,0.0
ORF1ab_8722,0.0
ORF1ab_8700,0.0
ORF1ab_8851,0.0
ORF1ab_9001,0.0
ORF1ab_9000,0.0
ORF1ab_8999,0.0
ORF1ab_8998,0.0
ORF1ab_8997,0.0
ORF1ab_8996,0.0
ORF1ab_8995,0.0
ORF1ab_8994,0.0
ORF1ab_8993,0.0
ORF1ab_8962,0.0
ORF1ab_8991,0.0
ORF1ab_8990,0.0
ORF1ab_8989,0.0
ORF1ab_8988,0.0
ORF1ab_8987,0.0
ORF1ab_8986,0.0
ORF1ab_8985,0.0
ORF1ab_8984,0.0
ORF1ab_8983,0.0
ORF1ab_8982,0.0
ORF1ab_8992,0.0
ORF1ab_8614,0.0
ORF1ab_8613,0.0
ORF1ab_8612,0.0
ORF1ab_8611,0.0
ORF1ab_8610,0.0
ORF1ab_8609,0.0
ORF1ab_8608,0.0
ORF1ab_8607,0.0
ORF1ab_8606,0.0
ORF1ab_8692,0.0
ORF1ab_8604,0.0
ORF1ab_8603,0.0
ORF1ab_8602,0.0
ORF1ab_8601,0.0
ORF1ab_8600,0.0
ORF1ab_8599,0.0
ORF1ab_8598,0.0
ORF1ab_8597,0.0
ORF1ab_8596,0.0
ORF1ab_8595,0.0
ORF1ab_8605,0.0
ORF1ab_8686,0.0
ORF1ab_8683,0.0
ORF1ab_8673,0.0
ORF1ab_8671,0.0
ORF1ab_8642,0.0
ORF1ab_8641,0.0
ORF1ab_8631,0.0
ORF1ab_8629,0.0
ORF1ab_8628,0.0
ORF1ab_8627,0.0
ORF1ab_8615,0.0
ORF1ab_8625,0.0
ORF1ab_8624,0.0
ORF1ab_8623,0.0
ORF1ab_8622,0.0
ORF1ab_8621,0.0
ORF1ab_8620,0.0
ORF1ab_8619,0.0
ORF1ab_8618,0.0
ORF1ab_8617,0.0
ORF1ab_8616,0.0
ORF1ab_8626,0.0
